timestamp,RPM,LOAD,MAF,MAP,IAT,STFT,LTFT,COOLANT,O2_V,VE
1786868247.060742,0,0,0,101.3,25.0,0,0,0,0.0,0.0
1786868247.1357803,0,0,0,101.3,25.0,0,0,0,0.0,0.0
1786868247.1660888,0,0,0,101.3,25.0,0,0,0,0.0,0.0
1786868247.216731,0,0,0,101.3,25.0,0,0,0,0.0,0.0
1786868247.268349,0,0,0,101.3,25.0,0,0,0,0.0,0.0
1786868247.3207912,0,0,0,101.3,25.0,0,0,0,0.0,0.0
1786868247.3724272,0,0,0,101.3,25.0,0,0,0,0.0,0.0
1786868247.4242713,0,0,0,101.3,25.0,0,0,0,0.0,0.0
1786868247.4760656,0,0,0,101.3,25.0,0,0,0,0.0,0.0
1786868247.5285885,0,0,0,101.3,25.0,0,0,0,0.0,0.0
1786868247.5803127,0,0,0,101.3,25.0,0,0,0,0.0,0.0
1786868247.631751,0,0,0,101.3,25.0,0,0,0,0.0,0.0
1786868247.6817145,0,0,0,101.3,25.0,0,0,0,0.0,0.0
1786868247.731326,0,0,0,101.3,25.0,0,0,0,0.0,0.0
1786868247.7815075,0,0,0,101.3,25.0,0,0,0,0.0,0.0
1786868247.8319101,0,0,0,101.3,25.0,0,0,0,0.0,0.0
1786868247.881258,0,0,0,101.3,25.0,0,0,0,0.0,0.0
1786868247.931435,0,0,0,101.3,25.0,0,0,0,0.0,0.0
1786868247.9815361,0,0,0,101.3,25.0,0,0,0,0.0,0.0
1786868248.031405,0,0,0,101.3,25.0,0,0,0,0.0,0.0
1786868248.081841,0,0,0,101.3,25.0,0,0,0,0.0,0.0
1786868248.131,0,0,0,101.3,25.0,0,0,0,0.0,0.0
1786868248.1816137,0,0,0,101.3,25.0,0,0,0,0.0,0.0
1786868248.231654,0,0,0,101.3,25.0,0,0,0,0.0,0.0
1786868248.28151,0,0,0,101.3,25.0,0,0,0,0.0,0.0
1786868248.331625,0,0,0,101.3,25.0,0,0,0,0.0,0.0
1786868248.3813136,0,0,0,101.3,25.0,0,0,0,0.0,0.0
1786868248.4318867,0,0,0,101.3,25.0,0,0,0,0.0,0.0
1786868248.481611,0,0,0,101.3,25.0,0,0,0,0.0,0.0
1786868248.5310884,0,0,0,101.3,25.0,0,0,0,0.0,0.0
1786868248.5812342,0,0,0,101.3,25.0,0,0,0,0.0,0.0
1786868248.6309679,0,0,0,101.3,25.0,0,0,0,0.0,0.0
1786868248.6818562,0,0,0,101.3,25.0,0,0,0,0.0,0.0
1786868248.7318597,0,0,0,101.3,25.0,0,0,0,0.0,0.0
1786868248.781601,0,0,0,101.3,25.0,0,0,0,0.0,0.0
1786868248.8312864,0,0,0,101.3,25.0,0,0,0,0.0,0.0
1786868248.881854,0,0,0,101.3,25.0,0,0,0,0.0,0.0
1786868248.9314737,0,0,0,101.3,25.0,0,0,0,0.0,0.0
1786868248.9818118,0,0,0,101.3,25.0,0,0,0,0.0,0.0
1786868249.0317304,0,0,0,101.3,25.0,0,0,0,0.0,0.0
1786868249.0809264,0,0,0,101.3,25.0,0,0,0,0.0,0.0
1786868249.1316059,0,0,0,101.3,25.0,0,0,0,0.0,0.0
1786868249.1815596,0,0,0,101.3,25.0,0,0,0,0.0,0.0
1786868249.2310686,0,0,0,101.3,25.0,0,0,0,0.0,0.0
1786868249.281061,0,0,0,101.3,25.0,0,0,0,0.0,0.0
1786868249.3311632,0,0,0,101.3,25.0,0,0,0,0.0,0.0
1786868249.381051,0,0,0,101.3,25.0,0,0,0,0.0,0.0
1786868249.4316478,0,0,0,101.3,25.0,0,0,0,0.0,0.0
1786868249.48134,0,0,0,101.3,25.0,0,0,0,0.0,0.0
1786868249.5310926,0,0,0,101.3,25.0,0,0,0,0.0,0.0
1786868249.5816903,0,0,0,101.3,25.0,0,0,0,0.0,0.0
1786868249.6319034,0,0,0,101.3,25.0,0,0,0,0.0,0.0
1786868249.6809442,0,0,0,101.3,25.0,0,0,0,0.0,0.0
1786868249.7318246,0,0,0,101.3,25.0,0,0,0,0.0,0.0
1786868249.7811048,0,0,0,101.3,25.0,0,0,0,0.0,0.0
1786868249.8311648,0,0,0,101.3,25.0,0,0,0,0.0,0.0
1786868249.8809285,0,0,0,101.3,25.0,0,0,0,0.0,0.0
1786868249.9309971,0,0,0,101.3,25.0,0,0,0,0.0,0.0
1786868249.98138,0,0,0,101.3,25.0,0,0,0,0.0,0.0
1786868250.0313437,0,0,0,101.3,25.0,0,0,0,0.0,0.0
1786868250.0812545,0,0,0,101.3,25.0,0,0,0,0.0,0.0
1786868250.1310303,0,0,0,101.3,25.0,0,0,0,0.0,0.0
1786868250.1812174,0,0,0,101.3,25.0,0,0,0,0.0,0.0
1786868250.2309382,0,0,0,101.3,25.0,0,0,0,0.0,0.0
1786868250.281122,0,0,0,101.3,25.0,0,0,0,0.0,0.0
1786868250.3317425,0,0,0,101.3,25.0,0,0,0,0.0,0.0
1786868250.381378,0,0,0,101.3,25.0,0,0,0,0.0,0.0
1786868250.4316103,0,0,0,101.3,25.0,0,0,0,0.0,0.0
1786868250.481608,0,0,0,101.3,25.0,0,0,0,0.0,0.0
1786868250.5314386,0,0,0,101.3,25.0,0,0,0,0.0,0.0
1786868250.5811267,0,0,0,101.3,25.0,0,0,0,0.0,0.0
1786868250.6309383,0,0,0,101.3,25.0,0,0,0,0.0,0.0
1786868250.681098,0,0,0,101.3,25.0,0,0,0,0.0,0.0
1786868250.7317016,0,0,0,101.3,25.0,0,0,0,0.0,0.0
1786868250.781172,0,0,0,101.3,25.0,0,0,0,0.0,0.0
1786868250.864858,0,0,0,101.3,25.0,0,0,0,0.0,0.0
1786868250.8813581,0,0,0,101.3,25.0,0,0,0,0.0,0.0
1786868250.9428916,0,0,0,101.3,25.0,0,0,0,0.0,0.0
1786868250.9813662,0,0,0,101.3,25.0,0,0,0,0.0,0.0
1786868251.0311787,0,0,0,101.3,25.0,0,0,0,0.0,0.0
1786868251.0932662,0,0,0,101.3,25.0,0,0,0,0.0,0.0
1786868251.134157,0,0,0,101.3,25.0,0,0,0,0.0,0.0
1786868251.1815403,0,0,0,101.3,25.0,0,0,0,0.0,0.0
1786868251.2318122,0,0,0,101.3,25.0,0,0,0,0.0,0.0
1786868251.2916834,0,0,0,101.3,25.0,0,0,0,0.0,0.0
1786868251.336197,0,0,0,101.3,25.0,0,0,0,0.0,0.0
1786868251.3817763,0,0,0,101.3,25.0,0,0,0,0.0,0.0
1786868251.431234,0,0,0,101.3,25.0,0,0,0,0.0,0.0
1786868251.481732,0,0,0,101.3,25.0,0,0,0,0.0,0.0
1786868251.5317683,0,0,0,101.3,25.0,0,0,0,0.0,0.0
1786868251.5813608,0,0,0,101.3,25.0,0,0,0,0.0,0.0
1786868251.6784465,0,0,0,101.3,25.0,0,0,0,0.0,0.0
1786868251.6942577,0,0,0,101.3,25.0,0,0,0,0.0,0.0
1786868251.7314553,0,0,0,101.3,25.0,0,0,0,0.0,0.0
1786868251.7809653,0,0,0,101.3,25.0,0,0,0,0.0,0.0
1786868251.83144,0,0,0,101.3,25.0,0,0,0,0.0,0.0
1786868251.881651,0,0,0,101.3,25.0,0,0,0,0.0,0.0
1786868251.9316409,0,0,0,101.3,25.0,0,0,0,0.0,0.0
1786868251.9813974,0,0,0,101.3,25.0,0,0,0,0.0,0.0
1786868252.031411,0,0,0,101.3,25.0,0,0,0,0.0,0.0
1786868252.0814426,0,0,0,101.3,25.0,0,0,0,0.0,0.0
1786868252.1319056,0,0,0,101.3,25.0,0,0,0,0.0,0.0
1786868252.1814783,0,0,0,101.3,25.0,0,0,0,0.0,0.0
1786868252.2315345,0,0,0,101.3,25.0,0,0,0,0.0,0.0
1786868252.2816248,0,0,0,101.3,25.0,0,0,0,0.0,0.0
1786868252.3316083,0,0,0,101.3,25.0,0,0,0,0.0,0.0
1786868252.4214742,0,0,0,101.3,25.0,0,0,0,0.0,0.0
1786868252.4514015,0,0,0,101.3,25.0,0,0,0,0.0,0.0
1786868252.4817698,0,0,0,101.3,25.0,0,0,0,0.0,0.0
1786868252.530935,0,0,0,101.3,25.0,0,0,0,0.0,0.0
1786868252.581156,0,0,0,101.3,25.0,0,0,0,0.0,0.0
1786868252.6545622,0,0,0,101.3,25.0,0,0,0,0.0,0.0
1786868252.681338,0,0,0,101.3,25.0,0,0,0,0.0,0.0
1786868252.7317562,0,0,0,101.3,25.0,0,0,0,0.0,0.0
1786868252.781352,0,0,0,101.3,25.0,0,0,0,0.0,0.0
1786868252.8312032,0,0,0,101.3,25.0,0,0,0,0.0,0.0
1786868252.8817363,0,0,0,101.3,25.0,0,0,0,0.0,0.0
1786868252.9314084,0,0,0,101.3,25.0,0,0,0,0.0,0.0
1786868253.0009751,0,0,0,101.3,25.0,0,0,0,0.0,0.0
1786868253.0412567,0,0,0,101.3,25.0,0,0,0,0.0,0.0
1786868253.0812593,0,0,0,101.3,25.0,0,0,0,0.0,0.0
1786868253.1317286,0,0,0,101.3,25.0,0,0,0,0.0,0.0
1786868253.1809692,0,0,0,101.3,25.0,0,0,0,0.0,0.0
1786868253.2314599,0,0,0,101.3,25.0,0,0,0,0.0,0.0
1786868253.2817652,0,0,0,101.3,25.0,0,0,0,0.0,0.0
1786868253.3318179,0,0,0,101.3,25.0,0,0,0,0.0,0.0
1786868253.3811018,0,0,0,101.3,25.0,0,0,0,0.0,0.0
1786868253.43155,0,0,0,101.3,25.0,0,0,0,0.0,0.0
1786868253.4816327,0,0,0,101.3,25.0,0,0,0,0.0,0.0
1786868253.5318887,0,0,0,101.3,25.0,0,0,0,0.0,0.0
1786868253.5814164,0,0,0,101.3,25.0,0,0,0,0.0,0.0
1786868253.6545656,0,0,0,101.3,25.0,0,0,0,0.0,0.0
1786868253.6929,0,0,0,101.3,25.0,0,0,0,0.0,0.0
1786868253.7312462,0,0,0,101.3,25.0,0,0,0,0.0,0.0
1786868253.7811835,0,0,0,101.3,25.0,0,0,0,0.0,0.0
1786868253.8327765,0,0,0,101.3,25.0,0,0,0,0.0,0.0
1786868253.8809881,0,0,0,101.3,25.0,0,0,0,0.0,0.0
1786868253.9312463,0,0,0,101.3,25.0,0,0,0,0.0,0.0
1786868254.0351007,0,0,0,101.3,25.0,0,0,0,0.0,0.0
1786868254.0833488,0,0,0,101.3,25.0,0,0,0,0.0,0.0
1786868254.1315649,0,0,0,101.3,25.0,0,0,0,0.0,0.0
1786868254.1811013,0,0,0,101.3,25.0,0,0,0,0.0,0.0
1786868254.2314298,0,0,0,101.3,25.0,0,0,0,0.0,0.0
1786868254.281944,0,0,0,101.3,25.0,0,0,0,0.0,0.0
1786868254.3316033,0,0,0,101.3,25.0,0,0,0,0.0,0.0
1786868254.3814814,0,0,0,101.3,25.0,0,0,0,0.0,0.0
1786868254.4315636,0,0,0,101.3,25.0,0,0,0,0.0,0.0
1786868254.4816246,0,0,0,101.3,25.0,0,0,0,0.0,0.0
1786868254.5316024,0,0,0,101.3,25.0,0,0,0,0.0,0.0
1786868254.581438,0,0,0,101.3,25.0,0,0,0,0.0,0.0
1786868254.631659,0,0,0,101.3,25.0,0,0,0,0.0,0.0
1786868254.6812563,0,0,0,101.3,25.0,0,0,0,0.0,0.0
1786868254.7319129,0,0,0,101.3,25.0,0,0,0,0.0,0.0
1786868254.7815464,0,0,0,101.3,25.0,0,0,0,0.0,0.0
1786868254.831831,0,0,0,101.3,25.0,0,0,0,0.0,0.0
1786868254.8818765,0,0,0,101.3,25.0,0,0,0,0.0,0.0
1786868254.9314716,0,0,0,101.3,25.0,0,0,0,0.0,0.0
1786868254.981456,0,0,0,101.3,25.0,0,0,0,0.0,0.0
1786868255.0314136,0,0,0,101.3,25.0,0,0,0,0.0,0.0
1786868255.0810142,0,0,0,101.3,25.0,0,0,0,0.0,0.0
1786868255.1315322,0,0,0,101.3,25.0,0,0,0,0.0,0.0
1786868255.1812272,0,0,0,101.3,25.0,0,0,0,0.0,0.0
1786868255.2668138,0,0,0,101.3,25.0,0,0,0,0.0,0.0
1786868255.2956161,0,0,0,101.3,25.0,0,0,0,0.0,0.0
1786868255.331735,0,0,0,101.3,25.0,0,0,0,0.0,0.0
1786868255.3815808,0,0,0,101.3,25.0,0,0,0,0.0,0.0
1786868255.4315069,0,0,0,101.3,25.0,0,0,0,0.0,0.0
1786868255.4817123,0,0,0,101.3,25.0,0,0,0,0.0,0.0
1786868255.5425026,0,0,0,101.3,25.0,0,0,0,0.0,0.0
1786868255.5809267,0,0,0,101.3,25.0,0,0,0,0.0,0.0
1786868255.631244,0,0,0,101.3,25.0,0,0,0,0.0,0.0
1786868255.6814997,0,0,0,101.3,25.0,0,0,0,0.0,0.0
1786868255.7319248,0,0,0,101.3,25.0,0,0,0,0.0,0.0
1786868255.781529,0,0,0,101.3,25.0,0,0,0,0.0,0.0
1786868255.831314,0,0,0,101.3,25.0,0,0,0,0.0,0.0
1786868255.8814921,0,0,0,101.3,25.0,0,0,0,0.0,0.0
1786868255.931537,0,0,0,101.3,25.0,0,0,0,0.0,0.0
1786868255.9811182,0,0,0,101.3,25.0,0,0,0,0.0,0.0
1786868256.031102,0,0,0,101.3,25.0,0,0,0,0.0,0.0
1786868256.0816212,0,0,0,101.3,25.0,0,0,0,0.0,0.0
1786868256.1312633,0,0,0,101.3,25.0,0,0,0,0.0,0.0
1786868256.1815941,0,0,0,101.3,25.0,0,0,0,0.0,0.0
1786868256.2316916,0,0,0,101.3,25.0,0,0,0,0.0,0.0
1786868256.2814379,0,0,0,101.3,25.0,0,0,0,0.0,0.0
1786868256.342534,0,0,0,101.3,25.0,0,0,0,0.0,0.0
1786868256.3812714,0,0,0,101.3,25.0,0,0,0,0.0,0.0
1786868256.4316475,0,0,0,101.3,25.0,0,0,0,0.0,0.0
1786868256.4816482,0,0,0,101.3,25.0,0,0,0,0.0,0.0
1786868256.53145,0,0,0,101.3,25.0,0,0,0,0.0,0.0
1786868256.58179,0,0,0,101.3,25.0,0,0,0,0.0,0.0
1786868256.6770442,0,0,0,101.3,25.0,0,0,0,0.0,0.0
1786868256.68255,0,0,0,101.3,25.0,0,0,0,0.0,0.0
1786868256.731365,0,0,0,101.3,25.0,0,0,0,0.0,0.0
1786868256.7816153,0,0,0,101.3,25.0,0,0,0,0.0,0.0
1786868256.8314025,0,0,0,101.3,25.0,0,0,0,0.0,0.0
1786868256.8810139,0,0,0,101.3,25.0,0,0,0,0.0,0.0
1786868256.9317741,0,0,0,101.3,25.0,0,0,0,0.0,0.0
1786868256.9809875,0,0,0,101.3,25.0,0,0,0,0.0,0.0
1786868257.0318904,0,0,0,101.3,25.0,0,0,0,0.0,0.0
1786868257.0813608,0,0,0,101.3,25.0,0,0,0,0.0,0.0
1786868257.1316452,0,0,0,101.3,25.0,0,0,0,0.0,0.0
1786868257.180899,0,0,0,101.3,25.0,0,0,0,0.0,0.0
1786868257.2313938,0,0,0,101.3,25.0,0,0,0,0.0,0.0
1786868257.281353,0,0,0,101.3,25.0,0,0,0,0.0,0.0
1786868257.3443134,0,0,0,101.3,25.0,0,0,0,0.0,0.0
1786868257.380856,0,0,0,101.3,25.0,0,0,0,0.0,0.0
1786868257.4309607,0,0,0,101.3,25.0,0,0,0,0.0,0.0
1786868257.481899,0,0,0,101.3,25.0,0,0,0,0.0,0.0
1786868257.531533,0,0,0,101.3,25.0,0,0,0,0.0,0.0
1786868257.591004,0,0,0,101.3,25.0,0,0,0,0.0,0.0
1786868257.6309943,0,0,0,101.3,25.0,0,0,0,0.0,0.0
1786868257.6815429,0,0,0,101.3,25.0,0,0,0,0.0,0.0
1786868257.7318866,0,0,0,101.3,25.0,0,0,0,0.0,0.0
1786868257.7810416,0,0,0,101.3,25.0,0,0,0,0.0,0.0
1786868257.832574,0,0,0,101.3,25.0,0,0,0,0.0,0.0
1786868257.8811903,0,0,0,101.3,25.0,0,0,0,0.0,0.0
1786868257.9317565,0,0,0,101.3,25.0,0,0,0,0.0,0.0
1786868257.9815748,0,0,0,101.3,25.0,0,0,0,0.0,0.0
1786868258.0314844,0,0,0,101.3,25.0,0,0,0,0.0,0.0
1786868258.1075284,0,0,0,101.3,25.0,0,0,0,0.0,0.0
1786868258.145935,0,0,0,101.3,25.0,0,0,0,0.0,0.0
1786868258.181202,0,0,0,101.3,25.0,0,0,0,0.0,0.0
1786868258.2313359,0,0,0,101.3,25.0,0,0,0,0.0,0.0
1786868258.281799,0,0,0,101.3,25.0,0,0,0,0.0,0.0
1786868258.33133,0,0,0,101.3,25.0,0,0,0,0.0,0.0
1786868258.3815143,0,0,0,101.3,25.0,0,0,0,0.0,0.0
1786868258.4310627,0,0,0,101.3,25.0,0,0,0,0.0,0.0
1786868258.4814434,0,0,0,101.3,25.0,0,0,0,0.0,0.0
1786868258.5318725,0,0,0,101.3,25.0,0,0,0,0.0,0.0
1786868258.581499,0,0,0,101.3,25.0,0,0,0,0.0,0.0
1786868258.6322846,0,0,0,101.3,25.0,0,0,0,0.0,0.0
1786868258.681719,0,0,0,101.3,25.0,0,0,0,0.0,0.0
1786868258.731271,0,0,0,101.3,25.0,0,0,0,0.0,0.0
1786868258.781505,0,0,0,101.3,25.0,0,0,0,0.0,0.0
1786868258.8324475,0,0,0,101.3,25.0,0,0,0,0.0,0.0
1786868258.8815258,0,0,0,101.3,25.0,0,0,0,0.0,0.0
1786868258.9319162,0,0,0,101.3,25.0,0,0,0,0.0,0.0
1786868258.9813948,0,0,0,101.3,25.0,0,0,0,0.0,0.0
1786868259.0800686,0,0,0,101.3,25.0,0,0,0,0.0,0.0
1786868259.1068056,0,0,0,101.3,25.0,0,0,0,0.0,0.0
1786868259.1381507,0,0,0,101.3,25.0,0,0,0,0.0,0.0
1786868259.1811044,0,0,0,101.3,25.0,0,0,0,0.0,0.0
1786868259.2312145,0,0,0,101.3,25.0,0,0,0,0.0,0.0
1786868259.2815986,0,0,0,101.3,25.0,0,0,0,0.0,0.0
1786868259.3311057,0,0,0,101.3,25.0,0,0,0,0.0,0.0
1786868259.3810217,0,0,0,101.3,25.0,0,0,0,0.0,0.0
1786868259.4311914,0,0,0,101.3,25.0,0,0,0,0.0,0.0
1786868259.4811966,0,0,0,101.3,25.0,0,0,0,0.0,0.0
1786868259.5313036,0,0,0,101.3,25.0,0,0,0,0.0,0.0
1786868259.5810683,0,0,0,101.3,25.0,0,0,0,0.0,0.0
1786868259.631475,0,0,0,101.3,25.0,0,0,0,0.0,0.0
1786868259.6814585,0,0,0,101.3,25.0,0,0,0,0.0,0.0
1786868259.7311275,0,0,0,101.3,25.0,0,0,0,0.0,0.0
1786868259.7813442,0,0,0,101.3,25.0,0,0,0,0.0,0.0
1786868259.8315198,0,0,0,101.3,25.0,0,0,0,0.0,0.0
1786868259.8813074,0,0,0,101.3,25.0,0,0,0,0.0,0.0
1786868259.9728491,0,0,0,101.3,25.0,0,0,0,0.0,0.0
1786868260.0063,0,0,0,101.3,25.0,0,0,0,0.0,0.0
1786868260.0317583,0,0,0,101.3,25.0,0,0,0,0.0,0.0
1786868260.0816538,0,0,0,101.3,25.0,0,0,0,0.0,0.0
1786868260.131969,0,0,0,101.3,25.0,0,0,0,0.0,0.0
1786868260.1815104,0,0,0,101.3,25.0,0,0,0,0.0,0.0
1786868260.2310567,0,0,0,101.3,25.0,0,0,0,0.0,0.0
1786868260.281497,0,0,0,101.3,25.0,0,0,0,0.0,0.0
1786868260.3319376,0,0,0,101.3,25.0,0,0,0,0.0,0.0
1786868260.3814552,0,0,0,101.3,25.0,0,0,0,0.0,0.0
1786868260.4666133,0,0,0,101.3,25.0,0,0,0,0.0,0.0
1786868260.4809604,0,0,0,101.3,25.0,0,0,0,0.0,0.0
1786868260.531757,0,0,0,101.3,25.0,0,0,0,0.0,0.0
1786868260.5809875,0,0,0,101.3,25.0,0,0,0,0.0,0.0
1786868260.631593,0,0,0,101.3,25.0,0,0,0,0.0,0.0
1786868260.681347,0,0,0,101.3,25.0,0,0,0,0.0,0.0
1786868260.731063,0,0,0,101.3,25.0,0,0,0,0.0,0.0
1786868260.7817838,0,0,0,101.3,25.0,0,0,0,0.0,0.0
1786868260.8311906,0,0,0,101.3,25.0,0,0,0,0.0,0.0
1786868260.8814769,0,0,0,101.3,25.0,0,0,0,0.0,0.0
1786868260.9315054,0,0,0,101.3,25.0,0,0,0,0.0,0.0
1786868260.981441,0,0,0,101.3,25.0,0,0,0,0.0,0.0
1786868261.0316157,0,0,0,101.3,25.0,0,0,0,0.0,0.0
1786868261.0811963,0,0,0,101.3,25.0,0,0,0,0.0,0.0
1786868261.1622427,0,0,0,101.3,25.0,0,0,0,0.0,0.0
1786868261.1828635,0,0,0,101.3,25.0,0,0,0,0.0,0.0
1786868261.2311594,0,0,0,101.3,25.0,0,0,0,0.0,0.0
1786868261.2809598,0,0,0,101.3,25.0,0,0,0,0.0,0.0
1786868261.3314245,0,0,0,101.3,25.0,0,0,0,0.0,0.0
1786868261.381614,0,0,0,101.3,25.0,0,0,0,0.0,0.0
1786868261.4522448,0,0,0,101.3,25.0,0,0,0,0.0,0.0
1786868261.4900117,0,0,0,101.3,25.0,0,0,0,0.0,0.0
1786868261.5317776,0,0,0,101.3,25.0,0,0,0,0.0,0.0
1786868261.5814207,0,0,0,101.3,25.0,0,0,0,0.0,0.0
1786868261.6310513,0,0,0,101.3,25.0,0,0,0,0.0,0.0
1786868261.6813266,0,0,0,101.3,25.0,0,0,0,0.0,0.0
1786868261.7314692,0,0,0,101.3,25.0,0,0,0,0.0,0.0
1786868261.781024,0,0,0,101.3,25.0,0,0,0,0.0,0.0
1786868261.8449154,0,0,0,101.3,25.0,0,0,0,0.0,0.0
1786868261.8813605,0,0,0,101.3,25.0,0,0,0,0.0,0.0
1786868261.9315083,0,0,0,101.3,25.0,0,0,0,0.0,0.0
1786868261.981376,0,0,0,101.3,25.0,0,0,0,0.0,0.0
1786868262.0313547,0,0,0,101.3,25.0,0,0,0,0.0,0.0
1786868262.1098878,0,0,0,101.3,25.0,0,0,0,0.0,0.0
1786868262.1316423,0,0,0,101.3,25.0,0,0,0,0.0,0.0
1786868262.1815493,0,0,0,101.3,25.0,0,0,0,0.0,0.0
1786868262.231934,0,0,0,101.3,25.0,0,0,0,0.0,0.0
1786868262.2810504,0,0,0,101.3,25.0,0,0,0,0.0,0.0
1786868262.3315363,0,0,0,101.3,25.0,0,0,0,0.0,0.0
1786868262.3812277,0,0,0,101.3,25.0,0,0,0,0.0,0.0
1786868262.4470472,0,0,0,101.3,25.0,0,0,0,0.0,0.0
1786868262.4810038,0,0,0,101.3,25.0,0,0,0,0.0,0.0
1786868262.53185,0,0,0,101.3,25.0,0,0,0,0.0,0.0
1786868262.581463,0,0,0,101.3,25.0,0,0,0,0.0,0.0
1786868262.6314223,0,0,0,101.3,25.0,0,0,0,0.0,0.0
1786868262.68112,0,0,0,101.3,25.0,0,0,0,0.0,0.0
1786868262.731387,0,0,0,101.3,25.0,0,0,0,0.0,0.0
1786868262.7811675,0,0,0,101.3,25.0,0,0,0,0.0,0.0
1786868262.8314297,0,0,0,101.3,25.0,0,0,0,0.0,0.0
1786868262.8811953,0,0,0,101.3,25.0,0,0,0,0.0,0.0
1786868262.9310987,0,0,0,101.3,25.0,0,0,0,0.0,0.0
1786868262.9813979,0,0,0,101.3,25.0,0,0,0,0.0,0.0
1786868263.0311344,0,0,0,101.3,25.0,0,0,0,0.0,0.0
1786868263.095174,0,0,0,101.3,25.0,0,0,0,0.0,0.0
1786868263.131698,0,0,0,101.3,25.0,0,0,0,0.0,0.0
1786868263.1814034,0,0,0,101.3,25.0,0,0,0,0.0,0.0
1786868263.2316377,0,0,0,101.3,25.0,0,0,0,0.0,0.0
1786868263.2817192,0,0,0,101.3,25.0,0,0,0,0.0,0.0
1786868263.3318143,0,0,0,101.3,25.0,0,0,0,0.0,0.0
1786868263.3811495,0,0,0,101.3,25.0,0,0,0,0.0,0.0
1786868263.4314353,0,0,0,101.3,25.0,0,0,0,0.0,0.0
1786868263.4815679,0,0,0,101.3,25.0,0,0,0,0.0,0.0
1786868263.5313683,0,0,0,101.3,25.0,0,0,0,0.0,0.0
1786868263.5809143,0,0,0,101.3,25.0,0,0,0,0.0,0.0
1786868263.6377122,0,0,0,101.3,25.0,0,0,0,0.0,0.0
1786868263.6813078,0,0,0,101.3,25.0,0,0,0,0.0,0.0
1786868263.7312741,0,0,0,101.3,25.0,0,0,0,0.0,0.0
1786868263.7813447,0,0,0,101.3,25.0,0,0,0,0.0,0.0
1786868263.831062,0,0,0,101.3,25.0,0,0,0,0.0,0.0
1786868263.8819191,0,0,0,101.3,25.0,0,0,0,0.0,0.0
1786868263.9314225,0,0,0,101.3,25.0,0,0,0,0.0,0.0
1786868263.9813046,0,0,0,101.3,25.0,0,0,0,0.0,0.0
1786868264.0313768,0,0,0,101.3,25.0,0,0,0,0.0,0.0
1786868264.081518,0,0,0,101.3,25.0,0,0,0,0.0,0.0
1786868264.131066,0,0,0,101.3,25.0,0,0,0,0.0,0.0
1786868264.1809576,0,0,0,101.3,25.0,0,0,0,0.0,0.0
1786868264.231974,0,0,0,101.3,25.0,0,0,0,0.0,0.0
1786868264.2819252,0,0,0,101.3,25.0,0,0,0,0.0,0.0
1786868264.3314126,0,0,0,101.3,25.0,0,0,0,0.0,0.0
1786868264.381608,0,0,0,101.3,25.0,0,0,0,0.0,0.0
1786868264.4316142,0,0,0,101.3,25.0,0,0,0,0.0,0.0
1786868264.4817863,0,0,0,101.3,25.0,0,0,0,0.0,0.0
1786868264.5315566,0,0,0,101.3,25.0,0,0,0,0.0,0.0
1786868264.5812612,0,0,0,101.3,25.0,0,0,0,0.0,0.0
1786868264.6319237,0,0,0,101.3,25.0,0,0,0,0.0,0.0
1786868264.6818004,0,0,0,101.3,25.0,0,0,0,0.0,0.0
1786868264.7317405,0,0,0,101.3,25.0,0,0,0,0.0,0.0
1786868264.7811177,0,0,0,101.3,25.0,0,0,0,0.0,0.0
1786868264.8316581,0,0,0,101.3,25.0,0,0,0,0.0,0.0
1786868264.8818622,0,0,0,101.3,25.0,0,0,0,0.0,0.0
1786868264.9316058,0,0,0,101.3,25.0,0,0,0,0.0,0.0
1786868264.9818487,0,0,0,101.3,25.0,0,0,0,0.0,0.0
1786868265.031036,0,0,0,101.3,25.0,0,0,0,0.0,0.0
1786868265.0817266,0,0,0,101.3,25.0,0,0,0,0.0,0.0
1786868265.131558,0,0,0,101.3,25.0,0,0,0,0.0,0.0
1786868265.1817,0,0,0,101.3,25.0,0,0,0,0.0,0.0
1786868265.231505,0,0,0,101.3,25.0,0,0,0,0.0,0.0
1786868265.281528,0,0,0,101.3,25.0,0,0,0,0.0,0.0
1786868265.3317542,0,0,0,101.3,25.0,0,0,0,0.0,0.0
1786868265.3818238,0,0,0,101.3,25.0,0,0,0,0.0,0.0
1786868265.431045,0,0,0,101.3,25.0,0,0,0,0.0,0.0
1786868265.4816008,0,0,0,101.3,25.0,0,0,0,0.0,0.0
1786868265.5315983,0,0,0,101.3,25.0,0,0,0,0.0,0.0
1786868265.5814612,0,0,0,101.3,25.0,0,0,0,0.0,0.0
1786868265.6318688,0,0,0,101.3,25.0,0,0,0,0.0,0.0
1786868265.6815608,0,0,0,101.3,25.0,0,0,0,0.0,0.0
1786868265.7316372,0,0,0,101.3,25.0,0,0,0,0.0,0.0
1786868265.7815146,0,0,0,101.3,25.0,0,0,0,0.0,0.0
1786868265.8316524,0,0,0,101.3,25.0,0,0,0,0.0,0.0
1786868265.8818524,0,0,0,101.3,25.0,0,0,0,0.0,0.0
1786868265.9319243,0,0,0,101.3,25.0,0,0,0,0.0,0.0
1786868265.9813764,0,0,0,101.3,25.0,0,0,0,0.0,0.0
1786868266.0318918,0,0,0,101.3,25.0,0,0,0,0.0,0.0
1786868266.0816076,0,0,0,101.3,25.0,0,0,0,0.0,0.0
1786868266.1318574,0,0,0,101.3,25.0,0,0,0,0.0,0.0
1786868266.1809688,0,0,0,101.3,25.0,0,0,0,0.0,0.0
1786868266.2321453,0,0,0,101.3,25.0,0,0,0,0.0,0.0
1786868266.2815006,0,0,0,101.3,25.0,0,0,0,0.0,0.0
1786868266.3312387,0,0,0,101.3,25.0,0,0,0,0.0,0.0
1786868266.381886,0,0,0,101.3,25.0,0,0,0,0.0,0.0
1786868266.4318228,0,0,0,101.3,25.0,0,0,0,0.0,0.0
1786868266.4818609,0,0,0,101.3,25.0,0,0,0,0.0,0.0
1786868266.5316613,0,0,0,101.3,25.0,0,0,0,0.0,0.0
1786868266.5815036,0,0,0,101.3,25.0,0,0,0,0.0,0.0
1786868266.631173,0,0,0,101.3,25.0,0,0,0,0.0,0.0
1786868266.6816137,0,0,0,101.3,25.0,0,0,0,0.0,0.0
1786868266.731767,0,0,0,101.3,25.0,0,0,0,0.0,0.0
1786868266.7811255,0,0,0,101.3,25.0,0,0,0,0.0,0.0
1786868266.8318071,0,0,0,101.3,25.0,0,0,0,0.0,0.0
1786868266.881262,0,0,0,101.3,25.0,0,0,0,0.0,0.0
1786868266.931069,0,0,0,101.3,25.0,0,0,0,0.0,0.0
1786868266.9810567,0,0,0,101.3,25.0,0,0,0,0.0,0.0
1786868267.0317645,0,0,0,101.3,25.0,0,0,0,0.0,0.0
1786868267.0817666,0,0,0,101.3,25.0,0,0,0,0.0,0.0
1786868267.1314485,0,0,0,101.3,25.0,0,0,0,0.0,0.0
1786868267.181211,0,0,0,101.3,25.0,0,0,0,0.0,0.0
1786868267.2312198,0,0,0,101.3,25.0,0,0,0,0.0,0.0
1786868267.281714,0,0,0,101.3,25.0,0,0,0,0.0,0.0
1786868267.331268,0,0,0,101.3,25.0,0,0,0,0.0,0.0
1786868267.3808377,0,0,0,101.3,25.0,0,0,0,0.0,0.0
1786868267.4314742,0,0,0,101.3,25.0,0,0,0,0.0,0.0
1786868267.4815614,0,0,0,101.3,25.0,0,0,0,0.0,0.0
1786868267.531952,0,0,0,101.3,25.0,0,0,0,0.0,0.0
1786868267.5808918,0,0,0,101.3,25.0,0,0,0,0.0,0.0
1786868267.6318126,0,0,0,101.3,25.0,0,0,0,0.0,0.0
1786868267.681767,0,0,0,101.3,25.0,0,0,0,0.0,0.0
1786868267.7319283,0,0,0,101.3,25.0,0,0,0,0.0,0.0
1786868267.7815976,0,0,0,101.3,25.0,0,0,0,0.0,0.0
1786868267.8312297,0,0,0,101.3,25.0,0,0,0,0.0,0.0
1786868267.881376,0,0,0,101.3,25.0,0,0,0,0.0,0.0
1786868267.9313045,0,0,0,101.3,25.0,0,0,0,0.0,0.0
1786868267.9814484,0,0,0,101.3,25.0,0,0,0,0.0,0.0
1786868268.031633,0,0,0,101.3,25.0,0,0,0,0.0,0.0
1786868268.0817344,0,0,0,101.3,25.0,0,0,0,0.0,0.0
1786868268.1317613,0,0,0,101.3,25.0,0,0,0,0.0,0.0
1786868268.1817877,0,0,0,101.3,25.0,0,0,0,0.0,0.0
1786868268.231342,0,0,0,101.3,25.0,0,0,0,0.0,0.0
1786868268.2816598,0,0,0,101.3,25.0,0,0,0,0.0,0.0
1786868268.3313487,0,0,0,101.3,25.0,0,0,0,0.0,0.0
1786868268.3813431,0,0,0,101.3,25.0,0,0,0,0.0,0.0
1786868268.4315035,0,0,0,101.3,25.0,0,0,0,0.0,0.0
1786868268.4814985,0,0,0,101.3,25.0,0,0,0,0.0,0.0
1786868268.5311913,0,0,0,101.3,25.0,0,0,0,0.0,0.0
1786868268.5809047,0,0,0,101.3,25.0,0,0,0,0.0,0.0
1786868268.6314359,0,0,0,101.3,25.0,0,0,0,0.0,0.0
1786868268.6809802,0,0,0,101.3,25.0,0,0,0,0.0,0.0
1786868268.731052,0,0,0,101.3,25.0,0,0,0,0.0,0.0
1786868268.78113,0,0,0,101.3,25.0,0,0,0,0.0,0.0
1786868268.8313208,0,0,0,101.3,25.0,0,0,0,0.0,0.0
1786868268.881175,0,0,0,101.3,25.0,0,0,0,0.0,0.0
1786868268.9317057,0,0,0,101.3,25.0,0,0,0,0.0,0.0
1786868268.980822,0,0,0,101.3,25.0,0,0,0,0.0,0.0
1786868269.0317576,0,0,0,101.3,25.0,0,0,0,0.0,0.0
1786868269.0813646,0,0,0,101.3,25.0,0,0,0,0.0,0.0
1786868269.1317997,0,0,0,101.3,25.0,0,0,0,0.0,0.0
1786868269.1813414,0,0,0,101.3,25.0,0,0,0,0.0,0.0
1786868269.2316554,0,0,0,101.3,25.0,0,0,0,0.0,0.0
1786868269.281753,0,0,0,101.3,25.0,0,0,0,0.0,0.0
1786868269.3313475,0,0,0,101.3,25.0,0,0,0,0.0,0.0
1786868269.381,0,0,0,101.3,25.0,0,0,0,0.0,0.0
1786868269.4314687,0,0,0,101.3,25.0,0,0,0,0.0,0.0
1786868269.481312,0,0,0,101.3,25.0,0,0,0,0.0,0.0
1786868269.5313818,0,0,0,101.3,25.0,0,0,0,0.0,0.0
1786868269.5809507,0,0,0,101.3,25.0,0,0,0,0.0,0.0
1786868269.6311045,0,0,0,101.3,25.0,0,0,0,0.0,0.0
1786868269.6827874,0,0,0,101.3,25.0,0,0,0,0.0,0.0
1786868269.7312958,0,0,0,101.3,25.0,0,0,0,0.0,0.0
1786868269.780771,0,0,0,101.3,25.0,0,0,0,0.0,0.0
1786868269.8310766,0,0,0,101.3,25.0,0,0,0,0.0,0.0
1786868269.8810983,0,0,0,101.3,25.0,0,0,0,0.0,0.0
1786868269.9315794,0,0,0,101.3,25.0,0,0,0,0.0,0.0
1786868269.9812863,0,0,0,101.3,25.0,0,0,0,0.0,0.0
1786868270.0317094,0,0,0,101.3,25.0,0,0,0,0.0,0.0
1786868270.081735,0,0,0,101.3,25.0,0,0,0,0.0,0.0
1786868270.1310651,0,0,0,101.3,25.0,0,0,0,0.0,0.0
1786868270.180791,0,0,0,101.3,25.0,0,0,0,0.0,0.0
1786868270.2316427,0,0,0,101.3,25.0,0,0,0,0.0,0.0
1786868270.2817357,0,0,0,101.3,25.0,0,0,0,0.0,0.0
1786868270.331652,0,0,0,101.3,25.0,0,0,0,0.0,0.0
1786868270.3807719,0,0,0,101.3,25.0,0,0,0,0.0,0.0
1786868270.4319744,0,0,0,101.3,25.0,0,0,0,0.0,0.0
1786868270.4812677,0,0,0,101.3,25.0,0,0,0,0.0,0.0
1786868270.531619,0,0,0,101.3,25.0,0,0,0,0.0,0.0
1786868270.5811882,0,0,0,101.3,25.0,0,0,0,0.0,0.0
1786868270.6316547,0,0,0,101.3,25.0,0,0,0,0.0,0.0
1786868270.6817124,0,0,0,101.3,25.0,0,0,0,0.0,0.0
1786868270.7311635,0,0,0,101.3,25.0,0,0,0,0.0,0.0
1786868270.780894,0,0,0,101.3,25.0,0,0,0,0.0,0.0
1786868270.831461,0,0,0,101.3,25.0,0,0,0,0.0,0.0
1786868270.8816473,0,0,0,101.3,25.0,0,0,0,0.0,0.0
1786868270.9309514,0,0,0,101.3,25.0,0,0,0,0.0,0.0
1786868270.9810035,0,0,0,101.3,25.0,0,0,0,0.0,0.0
1786868271.0313072,0,0,0,101.3,25.0,0,0,0,0.0,0.0
1786868271.0816538,0,0,0,101.3,25.0,0,0,0,0.0,0.0
1786868271.131416,0,0,0,101.3,25.0,0,0,0,0.0,0.0
1786868271.1812131,0,0,0,101.3,25.0,0,0,0,0.0,0.0
1786868271.2314327,0,0,0,101.3,25.0,0,0,0,0.0,0.0
1786868271.2811327,0,0,0,101.3,25.0,0,0,0,0.0,0.0
1786868271.3316455,0,0,0,101.3,25.0,0,0,0,0.0,0.0
1786868271.380947,0,0,0,101.3,25.0,0,0,0,0.0,0.0
1786868271.431324,0,0,0,101.3,25.0,0,0,0,0.0,0.0
1786868271.5725944,0,0,0,101.3,25.0,0,0,0,0.0,0.0
1786868271.6244142,0,0,0,101.3,25.0,0,0,0,0.0,0.0
1786868271.676747,0,0,0,101.3,25.0,0,0,0,0.0,0.0
1786868271.7287636,0,0,0,101.3,25.0,0,0,0,0.0,0.0
1786868271.780391,0,0,0,101.3,25.0,0,0,0,0.0,0.0
1786868271.833024,0,0,0,101.3,25.0,0,0,0,0.0,0.0
1786868271.8818822,0,0,0,101.3,25.0,0,0,0,0.0,0.0
1786868271.9318056,0,0,0,101.3,25.0,0,0,0,0.0,0.0
1786868271.980799,0,0,0,101.3,25.0,0,0,0,0.0,0.0
1786868272.031515,0,0,0,101.3,25.0,0,0,0,0.0,0.0
1786868272.081654,0,0,0,101.3,25.0,0,0,0,0.0,0.0
1786868272.1314538,0,0,0,101.3,25.0,0,0,0,0.0,0.0
1786868272.1807904,0,0,0,101.3,25.0,0,0,0,0.0,0.0
1786868272.2315023,0,0,0,101.3,25.0,0,0,0,0.0,0.0
1786868272.2815526,0,0,0,101.3,25.0,0,0,0,0.0,0.0
1786868272.3311508,0,0,0,101.3,25.0,0,0,0,0.0,0.0
1786868272.3810399,0,0,0,101.3,25.0,0,0,0,0.0,0.0
1786868272.431464,0,0,0,101.3,25.0,0,0,0,0.0,0.0
1786868272.4815717,0,0,0,101.3,25.0,0,0,0,0.0,0.0
1786868272.5312986,0,0,0,101.3,25.0,0,0,0,0.0,0.0
1786868272.5815554,0,0,0,101.3,25.0,0,0,0,0.0,0.0
1786868272.6313121,0,0,0,101.3,25.0,0,0,0,0.0,0.0
1786868272.681495,0,0,0,101.3,25.0,0,0,0,0.0,0.0
1786868272.7312953,0,0,0,101.3,25.0,0,0,0,0.0,0.0
1786868272.78145,0,0,0,101.3,25.0,0,0,0,0.0,0.0
1786868272.8313878,0,0,0,101.3,25.0,0,0,0,0.0,0.0
1786868272.8815312,0,0,0,101.3,25.0,0,0,0,0.0,0.0
1786868272.9314363,0,0,0,101.3,25.0,0,0,0,0.0,0.0
1786868272.9808056,0,0,0,101.3,25.0,0,0,0,0.0,0.0
1786868273.0311546,0,0,0,101.3,25.0,0,0,0,0.0,0.0
1786868273.0818505,0,0,0,101.3,25.0,0,0,0,0.0,0.0
1786868273.131486,0,0,0,101.3,25.0,0,0,0,0.0,0.0
1786868273.1810668,0,0,0,101.3,25.0,0,0,0,0.0,0.0
1786868273.2315936,0,0,0,101.3,25.0,0,0,0,0.0,0.0
1786868273.2814064,0,0,0,101.3,25.0,0,0,0,0.0,0.0
1786868273.3314016,0,0,0,101.3,25.0,0,0,0,0.0,0.0
1786868273.3809662,0,0,0,101.3,25.0,0,0,0,0.0,0.0
1786868273.431535,0,0,0,101.3,25.0,0,0,0,0.0,0.0
1786868273.4815633,0,0,0,101.3,25.0,0,0,0,0.0,0.0
1786868273.5313277,0,0,0,101.3,25.0,0,0,0,0.0,0.0
1786868273.5810473,0,0,0,101.3,25.0,0,0,0,0.0,0.0
1786868273.631519,0,0,0,101.3,25.0,0,0,0,0.0,0.0
1786868273.6816082,0,0,0,101.3,25.0,0,0,0,0.0,0.0
1786868273.7316508,0,0,0,101.3,25.0,0,0,0,0.0,0.0
1786868273.9916937,0,0,0,101.3,25.0,0,0,0,0.0,0.0
1786868274.0527391,0,0,0,101.3,25.0,0,0,0,0.0,0.0
1786868274.0873163,0,0,0,101.3,25.0,0,0,0,0.0,0.0
1786868274.1354735,0,0,0,101.3,25.0,0,0,0,0.0,0.0
1786868274.1838236,0,0,0,101.3,25.0,0,0,0,0.0,0.0
1786868274.2312143,0,0,0,101.3,25.0,0,0,0,0.0,0.0
1786868274.2810364,0,0,0,101.3,25.0,0,0,0,0.0,0.0
1786868274.3316529,0,0,0,101.3,25.0,0,0,0,0.0,0.0
1786868274.3811169,0,0,0,101.3,25.0,0,0,0,0.0,0.0
1786868274.4318821,0,0,0,101.3,25.0,0,0,0,0.0,0.0
1786868274.4813209,0,0,0,101.3,25.0,0,0,0,0.0,0.0
1786868274.5317035,0,0,0,101.3,25.0,0,0,0,0.0,0.0
1786868274.5816917,0,0,0,101.3,25.0,0,0,0,0.0,0.0
1786868274.6314242,0,0,0,101.3,25.0,0,0,0,0.0,0.0
1786868274.6816428,0,0,0,101.3,25.0,0,0,0,0.0,0.0
1786868274.7315128,0,0,0,101.3,25.0,0,0,0,0.0,0.0
1786868274.7813797,0,0,0,101.3,25.0,0,0,0,0.0,0.0
1786868274.83108,0,0,0,101.3,25.0,0,0,0,0.0,0.0
1786868274.881825,0,0,0,101.3,25.0,0,0,0,0.0,0.0
1786868274.9314435,0,0,0,101.3,25.0,0,0,0,0.0,0.0
1786868274.9811568,0,0,0,101.3,25.0,0,0,0,0.0,0.0
1786868275.0311925,0,0,0,101.3,25.0,0,0,0,0.0,0.0
1786868275.0814652,0,0,0,101.3,25.0,0,0,0,0.0,0.0
1786868275.1316938,0,0,0,101.3,25.0,0,0,0,0.0,0.0
1786868275.1813314,0,0,0,101.3,25.0,0,0,0,0.0,0.0
1786868275.2319553,0,0,0,101.3,25.0,0,0,0,0.0,0.0
1786868275.281481,0,0,0,101.3,25.0,0,0,0,0.0,0.0
1786868275.3318472,0,0,0,101.3,25.0,0,0,0,0.0,0.0
1786868275.381857,0,0,0,101.3,25.0,0,0,0,0.0,0.0
1786868275.4312644,0,0,0,101.3,25.0,0,0,0,0.0,0.0
1786868275.4814117,0,0,0,101.3,25.0,0,0,0,0.0,0.0
1786868275.5317783,0,0,0,101.3,25.0,0,0,0,0.0,0.0
1786868275.5818932,0,0,0,101.3,25.0,0,0,0,0.0,0.0
1786868275.6311617,0,0,0,101.3,25.0,0,0,0,0.0,0.0
1786868275.6811423,0,0,0,101.3,25.0,0,0,0,0.0,0.0
1786868275.7312984,0,0,0,101.3,25.0,0,0,0,0.0,0.0
1786868275.781028,0,0,0,101.3,25.0,0,0,0,0.0,0.0
1786868275.8314054,0,0,0,101.3,25.0,0,0,0,0.0,0.0
1786868275.8815472,0,0,0,101.3,25.0,0,0,0,0.0,0.0
1786868275.9319458,0,0,0,101.3,25.0,0,0,0,0.0,0.0
1786868275.9813635,0,0,0,101.3,25.0,0,0,0,0.0,0.0
1786868276.031431,0,0,0,101.3,25.0,0,0,0,0.0,0.0
1786868276.0814514,0,0,0,101.3,25.0,0,0,0,0.0,0.0
1786868276.1314752,0,0,0,101.3,25.0,0,0,0,0.0,0.0
1786868276.181286,0,0,0,101.3,25.0,0,0,0,0.0,0.0
1786868276.231261,0,0,0,101.3,25.0,0,0,0,0.0,0.0
1786868276.281425,0,0,0,101.3,25.0,0,0,0,0.0,0.0
1786868276.3315928,0,0,0,101.3,25.0,0,0,0,0.0,0.0
1786868276.381022,0,0,0,101.3,25.0,0,0,0,0.0,0.0
1786868276.431388,0,0,0,101.3,25.0,0,0,0,0.0,0.0
1786868276.4814296,0,0,0,101.3,25.0,0,0,0,0.0,0.0
1786868276.531477,0,0,0,101.3,25.0,0,0,0,0.0,0.0
1786868276.580792,0,0,0,101.3,25.0,0,0,0,0.0,0.0
1786868276.6310127,0,0,0,101.3,25.0,0,0,0,0.0,0.0
1786868276.6811788,0,0,0,101.3,25.0,0,0,0,0.0,0.0
1786868276.7314045,0,0,0,101.3,25.0,0,0,0,0.0,0.0
1786868276.7807903,0,0,0,101.3,25.0,0,0,0,0.0,0.0
1786868276.831215,0,0,0,101.3,25.0,0,0,0,0.0,0.0
1786868276.881265,0,0,0,101.3,25.0,0,0,0,0.0,0.0
1786868276.9313593,0,0,0,101.3,25.0,0,0,0,0.0,0.0
1786868276.9808006,0,0,0,101.3,25.0,0,0,0,0.0,0.0
1786868277.0311358,0,0,0,101.3,25.0,0,0,0,0.0,0.0
1786868277.0813904,0,0,0,101.3,25.0,0,0,0,0.0,0.0
1786868277.1314864,0,0,0,101.3,25.0,0,0,0,0.0,0.0
1786868277.1817608,0,0,0,101.3,25.0,0,0,0,0.0,0.0
1786868277.2313104,0,0,0,101.3,25.0,0,0,0,0.0,0.0
1786868277.2814605,0,0,0,101.3,25.0,0,0,0,0.0,0.0
1786868277.3314822,0,0,0,101.3,25.0,0,0,0,0.0,0.0
1786868277.381507,0,0,0,101.3,25.0,0,0,0,0.0,0.0
1786868277.4315333,0,0,0,101.3,25.0,0,0,0,0.0,0.0
1786868277.4820035,0,0,0,101.3,25.0,0,0,0,0.0,0.0
1786868277.531854,0,0,0,101.3,25.0,0,0,0,0.0,0.0
1786868277.5812495,0,0,0,101.3,25.0,0,0,0,0.0,0.0
1786868277.6316268,0,0,0,101.3,25.0,0,0,0,0.0,0.0
1786868277.6817899,0,0,0,101.3,25.0,0,0,0,0.0,0.0
1786868277.73191,0,0,0,101.3,25.0,0,0,0,0.0,0.0
1786868277.7811997,0,0,0,101.3,25.0,0,0,0,0.0,0.0
1786868277.831627,0,0,0,101.3,25.0,0,0,0,0.0,0.0
1786868277.8818889,0,0,0,101.3,25.0,0,0,0,0.0,0.0
1786868277.9313047,0,0,0,101.3,25.0,0,0,0,0.0,0.0
1786868277.9818127,0,0,0,101.3,25.0,0,0,0,0.0,0.0
1786868278.0311804,0,0,0,101.3,25.0,0,0,0,0.0,0.0
1786868278.0816984,0,0,0,101.3,25.0,0,0,0,0.0,0.0
1786868278.1313055,0,0,0,101.3,25.0,0,0,0,0.0,0.0
1786868278.1819673,0,0,0,101.3,25.0,0,0,0,0.0,0.0
1786868278.2312622,0,0,0,101.3,25.0,0,0,0,0.0,0.0
1786868278.2813456,0,0,0,101.3,25.0,0,0,0,0.0,0.0
1786868278.3317678,0,0,0,101.3,25.0,0,0,0,0.0,0.0
1786868278.381035,0,0,0,101.3,25.0,0,0,0,0.0,0.0
1786868278.431428,0,0,0,101.3,25.0,0,0,0,0.0,0.0
1786868278.4810822,0,0,0,101.3,25.0,0,0,0,0.0,0.0
1786868278.5310497,0,0,0,101.3,25.0,0,0,0,0.0,0.0
1786868278.5812812,0,0,0,101.3,25.0,0,0,0,0.0,0.0
1786868278.6317725,0,0,0,101.3,25.0,0,0,0,0.0,0.0
1786868278.6811697,0,0,0,101.3,25.0,0,0,0,0.0,0.0
1786868278.7318137,0,0,0,101.3,25.0,0,0,0,0.0,0.0
1786868278.781769,0,0,0,101.3,25.0,0,0,0,0.0,0.0
1786868278.831885,0,0,0,101.3,25.0,0,0,0,0.0,0.0
1786868278.881252,0,0,0,101.3,25.0,0,0,0,0.0,0.0
1786868278.9314952,0,0,0,101.3,25.0,0,0,0,0.0,0.0
1786868278.9817877,0,0,0,101.3,25.0,0,0,0,0.0,0.0
1786868279.0311525,0,0,0,101.3,25.0,0,0,0,0.0,0.0
1786868279.081346,0,0,0,101.3,25.0,0,0,0,0.0,0.0
1786868279.1317337,0,0,0,101.3,25.0,0,0,0,0.0,0.0
1786868279.1813908,0,0,0,101.3,25.0,0,0,0,0.0,0.0
1786868279.2318785,0,0,0,101.3,25.0,0,0,0,0.0,0.0
1786868279.2811136,0,0,0,101.3,25.0,0,0,0,0.0,0.0
1786868279.331445,0,0,0,101.3,25.0,0,0,0,0.0,0.0
1786868279.380874,0,0,0,101.3,25.0,0,0,0,0.0,0.0
1786868279.4312408,0,0,0,101.3,25.0,0,0,0,0.0,0.0
1786868279.4812028,0,0,0,101.3,25.0,0,0,0,0.0,0.0
1786868279.531761,0,0,0,101.3,25.0,0,0,0,0.0,0.0
1786868279.5818455,0,0,0,101.3,25.0,0,0,0,0.0,0.0
1786868279.6317258,0,0,0,101.3,25.0,0,0,0,0.0,0.0
1786868279.6817858,0,0,0,101.3,25.0,0,0,0,0.0,0.0
1786868279.731894,0,0,0,101.3,25.0,0,0,0,0.0,0.0
1786868279.7810388,0,0,0,101.3,25.0,0,0,0,0.0,0.0
1786868279.8316944,0,0,0,101.3,25.0,0,0,0,0.0,0.0
1786868279.8819516,0,0,0,101.3,25.0,0,0,0,0.0,0.0
1786868279.9313033,0,0,0,101.3,25.0,0,0,0,0.0,0.0
1786868279.9815664,0,0,0,101.3,25.0,0,0,0,0.0,0.0
1786868280.0313144,0,0,0,101.3,25.0,0,0,0,0.0,0.0
1786868280.081404,0,0,0,101.3,25.0,0,0,0,0.0,0.0
1786868280.1318676,0,0,0,101.3,25.0,0,0,0,0.0,0.0
1786868280.1809523,0,0,0,101.3,25.0,0,0,0,0.0,0.0
1786868280.231333,0,0,0,101.3,25.0,0,0,0,0.0,0.0
1786868280.2817883,0,0,0,101.3,25.0,0,0,0,0.0,0.0
1786868280.3311834,0,0,0,101.3,25.0,0,0,0,0.0,0.0
1786868280.3811026,0,0,0,101.3,25.0,0,0,0,0.0,0.0
1786868280.4319365,0,0,0,101.3,25.0,0,0,0,0.0,0.0
1786868280.4812684,0,0,0,101.3,25.0,0,0,0,0.0,0.0
1786868280.5313776,0,0,0,101.3,25.0,0,0,0,0.0,0.0
1786868280.5816138,0,0,0,101.3,25.0,0,0,0,0.0,0.0
1786868280.6312516,0,0,0,101.3,25.0,0,0,0,0.0,0.0
1786868280.6817193,0,0,0,101.3,25.0,0,0,0,0.0,0.0
1786868280.731983,0,0,0,101.3,25.0,0,0,0,0.0,0.0
1786868280.7812357,0,0,0,101.3,25.0,0,0,0,0.0,0.0
1786868280.8315866,0,0,0,101.3,25.0,0,0,0,0.0,0.0
1786868280.88147,0,0,0,101.3,25.0,0,0,0,0.0,0.0
1786868280.9310055,0,0,0,101.3,25.0,0,0,0,0.0,0.0
1786868280.981455,0,0,0,101.3,25.0,0,0,0,0.0,0.0
1786868281.031845,0,0,0,101.3,25.0,0,0,0,0.0,0.0
1786868281.0813603,0,0,0,101.3,25.0,0,0,0,0.0,0.0
1786868281.1313186,0,0,0,101.3,25.0,0,0,0,0.0,0.0
1786868281.1810575,0,0,0,101.3,25.0,0,0,0,0.0,0.0
1786868281.2316573,0,0,0,101.3,25.0,0,0,0,0.0,0.0
1786868281.2816458,0,0,0,101.3,25.0,0,0,0,0.0,0.0
1786868281.3313403,0,0,0,101.3,25.0,0,0,0,0.0,0.0
1786868281.381414,0,0,0,101.3,25.0,0,0,0,0.0,0.0
1786868281.4309855,0,0,0,101.3,25.0,0,0,0,0.0,0.0
1786868281.4811494,0,0,0,101.3,25.0,0,0,0,0.0,0.0
1786868281.5313547,0,0,0,101.3,25.0,0,0,0,0.0,0.0
1786868281.5814767,0,0,0,101.3,25.0,0,0,0,0.0,0.0
1786868281.631244,0,0,0,101.3,25.0,0,0,0,0.0,0.0
1786868281.681089,0,0,0,101.3,25.0,0,0,0,0.0,0.0
1786868281.7313228,0,0,0,101.3,25.0,0,0,0,0.0,0.0
1786868281.7818322,0,0,0,101.3,25.0,0,0,0,0.0,0.0
1786868281.8309588,0,0,0,101.3,25.0,0,0,0,0.0,0.0
1786868281.8809218,0,0,0,101.3,25.0,0,0,0,0.0,0.0
1786868281.9312313,0,0,0,101.3,25.0,0,0,0,0.0,0.0
1786868281.9813585,0,0,0,101.3,25.0,0,0,0,0.0,0.0
1786868282.031394,0,0,0,101.3,25.0,0,0,0,0.0,0.0
1786868282.081702,0,0,0,101.3,25.0,0,0,0,0.0,0.0
1786868282.1313212,0,0,0,101.3,25.0,0,0,0,0.0,0.0
1786868282.1810133,0,0,0,101.3,25.0,0,0,0,0.0,0.0
1786868282.2316399,0,0,0,101.3,25.0,0,0,0,0.0,0.0
1786868282.2810626,0,0,0,101.3,25.0,0,0,0,0.0,0.0
1786868282.331438,0,0,0,101.3,25.0,0,0,0,0.0,0.0
1786868282.3810256,0,0,0,101.3,25.0,0,0,0,0.0,0.0
1786868282.4315426,0,0,0,101.3,25.0,0,0,0,0.0,0.0
1786868282.481843,0,0,0,101.3,25.0,0,0,0,0.0,0.0
1786868282.5312881,0,0,0,101.3,25.0,0,0,0,0.0,0.0
1786868282.581813,0,0,0,101.3,25.0,0,0,0,0.0,0.0
1786868282.631292,0,0,0,101.3,25.0,0,0,0,0.0,0.0
1786868282.681881,0,0,0,101.3,25.0,0,0,0,0.0,0.0
1786868282.731834,0,0,0,101.3,25.0,0,0,0,0.0,0.0
1786868282.78143,0,0,0,101.3,25.0,0,0,0,0.0,0.0
1786868282.8314254,0,0,0,101.3,25.0,0,0,0,0.0,0.0
1786868282.8819957,0,0,0,101.3,25.0,0,0,0,0.0,0.0
1786868282.931382,0,0,0,101.3,25.0,0,0,0,0.0,0.0
1786868282.981301,0,0,0,101.3,25.0,0,0,0,0.0,0.0
1786868283.0310197,0,0,0,101.3,25.0,0,0,0,0.0,0.0
1786868283.0813255,0,0,0,101.3,25.0,0,0,0,0.0,0.0
1786868283.1315272,0,0,0,101.3,25.0,0,0,0,0.0,0.0
1786868283.1815517,0,0,0,101.3,25.0,0,0,0,0.0,0.0
1786868283.2311308,0,0,0,101.3,25.0,0,0,0,0.0,0.0
1786868283.281392,0,0,0,101.3,25.0,0,0,0,0.0,0.0
1786868283.3315613,0,0,0,101.3,25.0,0,0,0,0.0,0.0
1786868283.3815942,0,0,0,101.3,25.0,0,0,0,0.0,0.0
1786868283.4317358,0,0,0,101.3,25.0,0,0,0,0.0,0.0
1786868283.4811242,0,0,0,101.3,25.0,0,0,0,0.0,0.0
1786868283.5314548,0,0,0,101.3,25.0,0,0,0,0.0,0.0
1786868283.5816076,0,0,0,101.3,25.0,0,0,0,0.0,0.0
1786868283.6320126,0,0,0,101.3,25.0,0,0,0,0.0,0.0
1786868283.681276,0,0,0,101.3,25.0,0,0,0,0.0,0.0
1786868283.7318244,0,0,0,101.3,25.0,0,0,0,0.0,0.0
1786868283.7819088,0,0,0,101.3,25.0,0,0,0,0.0,0.0
1786868283.831731,0,0,0,101.3,25.0,0,0,0,0.0,0.0
1786868283.8814175,0,0,0,101.3,25.0,0,0,0,0.0,0.0
1786868283.93186,0,0,0,101.3,25.0,0,0,0,0.0,0.0
1786868283.9816082,0,0,0,101.3,25.0,0,0,0,0.0,0.0
1786868284.031604,0,0,0,101.3,25.0,0,0,0,0.0,0.0
1786868284.0815983,0,0,0,101.3,25.0,0,0,0,0.0,0.0
1786868284.131422,0,0,0,101.3,25.0,0,0,0,0.0,0.0
1786868284.180982,0,0,0,101.3,25.0,0,0,0,0.0,0.0
1786868284.2313302,0,0,0,101.3,25.0,0,0,0,0.0,0.0
1786868284.2818902,0,0,0,101.3,25.0,0,0,0,0.0,0.0
1786868284.3309796,0,0,0,101.3,25.0,0,0,0,0.0,0.0
1786868284.3813393,0,0,0,101.3,25.0,0,0,0,0.0,0.0
1786868284.431019,0,0,0,101.3,25.0,0,0,0,0.0,0.0
1786868284.4818194,0,0,0,101.3,25.0,0,0,0,0.0,0.0
1786868284.5318868,0,0,0,101.3,25.0,0,0,0,0.0,0.0
1786868284.5815792,0,0,0,101.3,25.0,0,0,0,0.0,0.0
1786868284.631998,0,0,0,101.3,25.0,0,0,0,0.0,0.0
1786868284.6810029,0,0,0,101.3,25.0,0,0,0,0.0,0.0
1786868284.7316203,0,0,0,101.3,25.0,0,0,0,0.0,0.0
1786868284.7815158,0,0,0,101.3,25.0,0,0,0,0.0,0.0
1786868284.831437,0,0,0,101.3,25.0,0,0,0,0.0,0.0
1786868284.8810565,0,0,0,101.3,25.0,0,0,0,0.0,0.0
1786868284.9315467,0,0,0,101.3,25.0,0,0,0,0.0,0.0
1786868284.9818106,0,0,0,101.3,25.0,0,0,0,0.0,0.0
1786868285.0319457,0,0,0,101.3,25.0,0,0,0,0.0,0.0
1786868285.0811555,0,0,0,101.3,25.0,0,0,0,0.0,0.0
1786868285.1311553,0,0,0,101.3,25.0,0,0,0,0.0,0.0
1786868285.1812577,0,0,0,101.3,25.0,0,0,0,0.0,0.0
1786868285.2311313,0,0,0,101.3,25.0,0,0,0,0.0,0.0
1786868285.2813444,0,0,0,101.3,25.0,0,0,0,0.0,0.0
1786868285.3316238,0,0,0,101.3,25.0,0,0,0,0.0,0.0
1786868285.381841,0,0,0,101.3,25.0,0,0,0,0.0,0.0
1786868285.431276,0,0,0,101.3,25.0,0,0,0,0.0,0.0
1786868285.481614,0,0,0,101.3,25.0,0,0,0,0.0,0.0
1786868285.5319169,0,0,0,101.3,25.0,0,0,0,0.0,0.0
1786868285.5811405,0,0,0,101.3,25.0,0,0,0,0.0,0.0
1786868285.6319845,0,0,0,101.3,25.0,0,0,0,0.0,0.0
1786868285.6812842,0,0,0,101.3,25.0,0,0,0,0.0,0.0
1786868285.7316282,0,0,0,101.3,25.0,0,0,0,0.0,0.0
1786868285.7818935,0,0,0,101.3,25.0,0,0,0,0.0,0.0
1786868285.8312194,0,0,0,101.3,25.0,0,0,0,0.0,0.0
1786868285.8814685,0,0,0,101.3,25.0,0,0,0,0.0,0.0
1786868285.9315796,0,0,0,101.3,25.0,0,0,0,0.0,0.0
1786868285.9816341,0,0,0,101.3,25.0,0,0,0,0.0,0.0
1786868286.0318036,0,0,0,101.3,25.0,0,0,0,0.0,0.0
1786868286.0810926,0,0,0,101.3,25.0,0,0,0,0.0,0.0
1786868286.1314452,0,0,0,101.3,25.0,0,0,0,0.0,0.0
1786868286.1815863,0,0,0,101.3,25.0,0,0,0,0.0,0.0
1786868286.2317357,0,0,0,101.3,25.0,0,0,0,0.0,0.0
1786868286.281904,0,0,0,101.3,25.0,0,0,0,0.0,0.0
1786868286.33111,0,0,0,101.3,25.0,0,0,0,0.0,0.0
1786868286.381231,0,0,0,101.3,25.0,0,0,0,0.0,0.0
1786868286.43146,0,0,0,101.3,25.0,0,0,0,0.0,0.0
1786868286.4818017,0,0,0,101.3,25.0,0,0,0,0.0,0.0
1786868286.5313902,0,0,0,101.3,25.0,0,0,0,0.0,0.0
1786868286.581501,0,0,0,101.3,25.0,0,0,0,0.0,0.0
1786868286.6310823,0,0,0,101.3,25.0,0,0,0,0.0,0.0
1786868286.6812508,0,0,0,101.3,25.0,0,0,0,0.0,0.0
1786868286.7319212,0,0,0,101.3,25.0,0,0,0,0.0,0.0
1786868286.781014,0,0,0,101.3,25.0,0,0,0,0.0,0.0
1786868286.8310933,0,0,0,101.3,25.0,0,0,0,0.0,0.0
1786868286.8812711,0,0,0,101.3,25.0,0,0,0,0.0,0.0
1786868286.9314718,0,0,0,101.3,25.0,0,0,0,0.0,0.0
1786868286.981735,0,0,0,101.3,25.0,0,0,0,0.0,0.0
1786868287.0313325,0,0,0,101.3,25.0,0,0,0,0.0,0.0
1786868287.0816896,0,0,0,101.3,25.0,0,0,0,0.0,0.0
1786868287.131746,0,0,0,101.3,25.0,0,0,0,0.0,0.0
1786868287.1809518,0,0,0,101.3,25.0,0,0,0,0.0,0.0
1786868287.2312543,0,0,0,101.3,25.0,0,0,0,0.0,0.0
1786868287.2814858,0,0,0,101.3,25.0,0,0,0,0.0,0.0
1786868287.3315516,0,0,0,101.3,25.0,0,0,0,0.0,0.0
1786868287.3815756,0,0,0,101.3,25.0,0,0,0,0.0,0.0
1786868287.4316037,0,0,0,101.3,25.0,0,0,0,0.0,0.0
1786868287.4814491,0,0,0,101.3,25.0,0,0,0,0.0,0.0
1786868287.5314832,0,0,0,101.3,25.0,0,0,0,0.0,0.0
1786868287.5814571,0,0,0,101.3,25.0,0,0,0,0.0,0.0
1786868287.6310604,0,0,0,101.3,25.0,0,0,0,0.0,0.0
1786868287.6812308,0,0,0,101.3,25.0,0,0,0,0.0,0.0
1786868287.7313447,0,0,0,101.3,25.0,0,0,0,0.0,0.0
1786868287.7814703,0,0,0,101.3,25.0,0,0,0,0.0,0.0
1786868287.831458,0,0,0,101.3,25.0,0,0,0,0.0,0.0
1786868287.8819215,0,0,0,101.3,25.0,0,0,0,0.0,0.0
1786868287.931071,0,0,0,101.3,25.0,0,0,0,0.0,0.0
1786868287.9813507,0,0,0,101.3,25.0,0,0,0,0.0,0.0
1786868288.031427,0,0,0,101.3,25.0,0,0,0,0.0,0.0
1786868288.081703,0,0,0,101.3,25.0,0,0,0,0.0,0.0
1786868288.1317515,0,0,0,101.3,25.0,0,0,0,0.0,0.0
1786868288.1809626,0,0,0,101.3,25.0,0,0,0,0.0,0.0
1786868288.2315257,0,0,0,101.3,25.0,0,0,0,0.0,0.0
1786868288.2809436,0,0,0,101.3,25.0,0,0,0,0.0,0.0
1786868288.3316047,0,0,0,101.3,25.0,0,0,0,0.0,0.0
1786868288.3810227,0,0,0,101.3,25.0,0,0,0,0.0,0.0
1786868288.4313369,0,0,0,101.3,25.0,0,0,0,0.0,0.0
1786868288.481299,0,0,0,101.3,25.0,0,0,0,0.0,0.0
1786868288.5311935,0,0,0,101.3,25.0,0,0,0,0.0,0.0
1786868288.5810082,0,0,0,101.3,25.0,0,0,0,0.0,0.0
1786868288.631653,0,0,0,101.3,25.0,0,0,0,0.0,0.0
1786868288.6817434,0,0,0,101.3,25.0,0,0,0,0.0,0.0
1786868288.7316456,0,0,0,101.3,25.0,0,0,0,0.0,0.0
1786868288.7815742,0,0,0,101.3,25.0,0,0,0,0.0,0.0
1786868288.831483,0,0,0,101.3,25.0,0,0,0,0.0,0.0
1786868288.8816032,0,0,0,101.3,25.0,0,0,0,0.0,0.0
1786868288.9310575,0,0,0,101.3,25.0,0,0,0,0.0,0.0
1786868288.9811556,0,0,0,101.3,25.0,0,0,0,0.0,0.0
1786868289.0315833,0,0,0,101.3,25.0,0,0,0,0.0,0.0
1786868289.0816176,0,0,0,101.3,25.0,0,0,0,0.0,0.0
1786868289.1317601,0,0,0,101.3,25.0,0,0,0,0.0,0.0
1786868289.1816752,0,0,0,101.3,25.0,0,0,0,0.0,0.0
1786868289.2312868,0,0,0,101.3,25.0,0,0,0,0.0,0.0
1786868289.2811995,0,0,0,101.3,25.0,0,0,0,0.0,0.0
1786868289.3314545,0,0,0,101.3,25.0,0,0,0,0.0,0.0
1786868289.3812506,0,0,0,101.3,25.0,0,0,0,0.0,0.0
1786868289.4314334,0,0,0,101.3,25.0,0,0,0,0.0,0.0
1786868289.4816494,0,0,0,101.3,25.0,0,0,0,0.0,0.0
1786868289.5316234,0,0,0,101.3,25.0,0,0,0,0.0,0.0
1786868289.5812554,0,0,0,101.3,25.0,0,0,0,0.0,0.0
1786868289.6318066,0,0,0,101.3,25.0,0,0,0,0.0,0.0
1786868289.6812503,0,0,0,101.3,25.0,0,0,0,0.0,0.0
1786868289.7318258,0,0,0,101.3,25.0,0,0,0,0.0,0.0
1786868289.781013,0,0,0,101.3,25.0,0,0,0,0.0,0.0
1786868289.831651,0,0,0,101.3,25.0,0,0,0,0.0,0.0
1786868289.8811672,0,0,0,101.3,25.0,0,0,0,0.0,0.0
1786868289.931269,0,0,0,101.3,25.0,0,0,0,0.0,0.0
1786868289.9812884,0,0,0,101.3,25.0,0,0,0,0.0,0.0
1786868290.031816,0,0,0,101.3,25.0,0,0,0,0.0,0.0
1786868290.081421,0,0,0,101.3,25.0,0,0,0,0.0,0.0
1786868290.1317725,0,0,0,101.3,25.0,0,0,0,0.0,0.0
1786868290.1811094,0,0,0,101.3,25.0,0,0,0,0.0,0.0
1786868290.2317705,0,0,0,101.3,25.0,0,0,0,0.0,0.0
1786868290.2818742,0,0,0,101.3,25.0,0,0,0,0.0,0.0
1786868290.331802,0,0,0,101.3,25.0,0,0,0,0.0,0.0
1786868290.3811069,0,0,0,101.3,25.0,0,0,0,0.0,0.0
1786868290.4315019,0,0,0,101.3,25.0,0,0,0,0.0,0.0
1786868290.4818993,0,0,0,101.3,25.0,0,0,0,0.0,0.0
1786868290.5314004,0,0,0,101.3,25.0,0,0,0,0.0,0.0
1786868290.5815449,0,0,0,101.3,25.0,0,0,0,0.0,0.0
1786868290.6309915,0,0,0,101.3,25.0,0,0,0,0.0,0.0
1786868290.681642,0,0,0,101.3,25.0,0,0,0,0.0,0.0
1786868290.7317855,0,0,0,101.3,25.0,0,0,0,0.0,0.0
1786868290.7817776,0,0,0,101.3,25.0,0,0,0,0.0,0.0
1786868290.8313031,0,0,0,101.3,25.0,0,0,0,0.0,0.0
1786868290.8815165,0,0,0,101.3,25.0,0,0,0,0.0,0.0
1786868290.9309034,0,0,0,101.3,25.0,0,0,0,0.0,0.0
1786868290.9818025,0,0,0,101.3,25.0,0,0,0,0.0,0.0
1786868291.0311584,0,0,0,101.3,25.0,0,0,0,0.0,0.0
1786868291.08128,0,0,0,101.3,25.0,0,0,0,0.0,0.0
1786868291.1318705,0,0,0,101.3,25.0,0,0,0,0.0,0.0
1786868291.181553,0,0,0,101.3,25.0,0,0,0,0.0,0.0
1786868291.2318354,0,0,0,101.3,25.0,0,0,0,0.0,0.0
1786868291.2814481,0,0,0,101.3,25.0,0,0,0,0.0,0.0
1786868291.3312917,0,0,0,101.3,25.0,0,0,0,0.0,0.0
1786868291.3818333,0,0,0,101.3,25.0,0,0,0,0.0,0.0
1786868291.4313047,0,0,0,101.3,25.0,0,0,0,0.0,0.0
1786868291.481627,0,0,0,101.3,25.0,0,0,0,0.0,0.0
1786868291.531255,0,0,0,101.3,25.0,0,0,0,0.0,0.0
1786868291.581781,0,0,0,101.3,25.0,0,0,0,0.0,0.0
1786868291.6312675,0,0,0,101.3,25.0,0,0,0,0.0,0.0
1786868291.6817498,0,0,0,101.3,25.0,0,0,0,0.0,0.0
1786868291.731576,0,0,0,101.3,25.0,0,0,0,0.0,0.0
1786868291.7810407,0,0,0,101.3,25.0,0,0,0,0.0,0.0
1786868291.831875,0,0,0,101.3,25.0,0,0,0,0.0,0.0
1786868291.8815792,0,0,0,101.3,25.0,0,0,0,0.0,0.0
1786868291.9312356,0,0,0,101.3,25.0,0,0,0,0.0,0.0
1786868291.9811103,0,0,0,101.3,25.0,0,0,0,0.0,0.0
1786868292.0317607,0,0,0,101.3,25.0,0,0,0,0.0,0.0
1786868292.0811424,0,0,0,101.3,25.0,0,0,0,0.0,0.0
1786868292.1315618,0,0,0,101.3,25.0,0,0,0,0.0,0.0
1786868292.181201,0,0,0,101.3,25.0,0,0,0,0.0,0.0
1786868292.231539,0,0,0,101.3,25.0,0,0,0,0.0,0.0
1786868292.2814648,0,0,0,101.3,25.0,0,0,0,0.0,0.0
1786868292.3310797,0,0,0,101.3,25.0,0,0,0,0.0,0.0
1786868292.3814726,0,0,0,101.3,25.0,0,0,0,0.0,0.0
1786868292.431867,0,0,0,101.3,25.0,0,0,0,0.0,0.0
1786868292.4811645,0,0,0,101.3,25.0,0,0,0,0.0,0.0
1786868292.5314686,0,0,0,101.3,25.0,0,0,0,0.0,0.0
1786868292.5818622,0,0,0,101.3,25.0,0,0,0,0.0,0.0
1786868292.6317403,0,0,0,101.3,25.0,0,0,0,0.0,0.0
1786868292.6815784,0,0,0,101.3,25.0,0,0,0,0.0,0.0
1786868292.7310681,0,0,0,101.3,25.0,0,0,0,0.0,0.0
1786868292.7818153,0,0,0,101.3,25.0,0,0,0,0.0,0.0
1786868292.83201,0,0,0,101.3,25.0,0,0,0,0.0,0.0
1786868292.881914,0,0,0,101.3,25.0,0,0,0,0.0,0.0
1786868292.9312837,0,0,0,101.3,25.0,0,0,0,0.0,0.0
1786868292.981549,0,0,0,101.3,25.0,0,0,0,0.0,0.0
1786868293.0310473,0,0,0,101.3,25.0,0,0,0,0.0,0.0
1786868293.0815392,0,0,0,101.3,25.0,0,0,0,0.0,0.0
1786868293.1315172,0,0,0,101.3,25.0,0,0,0,0.0,0.0
1786868293.181684,0,0,0,101.3,25.0,0,0,0,0.0,0.0
1786868293.23131,0,0,0,101.3,25.0,0,0,0,0.0,0.0
1786868293.2815533,0,0,0,101.3,25.0,0,0,0,0.0,0.0
1786868293.3314831,0,0,0,101.3,25.0,0,0,0,0.0,0.0
1786868293.3813655,0,0,0,101.3,25.0,0,0,0,0.0,0.0
1786868293.4311445,0,0,0,101.3,25.0,0,0,0,0.0,0.0
1786868293.4810543,0,0,0,101.3,25.0,0,0,0,0.0,0.0
1786868293.5316114,0,0,0,101.3,25.0,0,0,0,0.0,0.0
1786868293.5818954,0,0,0,101.3,25.0,0,0,0,0.0,0.0
1786868293.6313162,0,0,0,101.3,25.0,0,0,0,0.0,0.0
1786868293.6810837,0,0,0,101.3,25.0,0,0,0,0.0,0.0
1786868293.7312248,0,0,0,101.3,25.0,0,0,0,0.0,0.0
1786868293.7813926,0,0,0,101.3,25.0,0,0,0,0.0,0.0
1786868293.831603,0,0,0,101.3,25.0,0,0,0,0.0,0.0
1786868293.8811395,0,0,0,101.3,25.0,0,0,0,0.0,0.0
1786868293.9314718,0,0,0,101.3,25.0,0,0,0,0.0,0.0
1786868293.9810872,0,0,0,101.3,25.0,0,0,0,0.0,0.0
1786868294.0310738,0,0,0,101.3,25.0,0,0,0,0.0,0.0
1786868294.0815713,0,0,0,101.3,25.0,0,0,0,0.0,0.0
1786868294.1317785,0,0,0,101.3,25.0,0,0,0,0.0,0.0
1786868294.1812127,0,0,0,101.3,25.0,0,0,0,0.0,0.0
1786868294.2312646,0,0,0,101.3,25.0,0,0,0,0.0,0.0
1786868294.281607,0,0,0,101.3,25.0,0,0,0,0.0,0.0
1786868294.3318226,0,0,0,101.3,25.0,0,0,0,0.0,0.0
1786868294.3811467,0,0,0,101.3,25.0,0,0,0,0.0,0.0
1786868294.4312062,0,0,0,101.3,25.0,0,0,0,0.0,0.0
1786868294.4814568,0,0,0,101.3,25.0,0,0,0,0.0,0.0
1786868294.5315309,0,0,0,101.3,25.0,0,0,0,0.0,0.0
1786868294.5812051,0,0,0,101.3,25.0,0,0,0,0.0,0.0
1786868294.6314342,0,0,0,101.3,25.0,0,0,0,0.0,0.0
1786868294.6818883,0,0,0,101.3,25.0,0,0,0,0.0,0.0
1786868294.7310743,0,0,0,101.3,25.0,0,0,0,0.0,0.0
1786868294.7816024,0,0,0,101.3,25.0,0,0,0,0.0,0.0
1786868294.8317726,0,0,0,101.3,25.0,0,0,0,0.0,0.0
1786868294.8811014,0,0,0,101.3,25.0,0,0,0,0.0,0.0
1786868294.9314203,0,0,0,101.3,25.0,0,0,0,0.0,0.0
1786868294.9812028,0,0,0,101.3,25.0,0,0,0,0.0,0.0
1786868295.031247,0,0,0,101.3,25.0,0,0,0,0.0,0.0
1786868295.0814438,0,0,0,101.3,25.0,0,0,0,0.0,0.0
1786868295.131745,0,0,0,101.3,25.0,0,0,0,0.0,0.0
1786868295.1813424,0,0,0,101.3,25.0,0,0,0,0.0,0.0
1786868295.2318835,0,0,0,101.3,25.0,0,0,0,0.0,0.0
1786868295.281954,0,0,0,101.3,25.0,0,0,0,0.0,0.0
1786868295.3313553,0,0,0,101.3,25.0,0,0,0,0.0,0.0
1786868295.3814507,0,0,0,101.3,25.0,0,0,0,0.0,0.0
1786868295.4311364,0,0,0,101.3,25.0,0,0,0,0.0,0.0
1786868295.48135,0,0,0,101.3,25.0,0,0,0,0.0,0.0
1786868295.531423,0,0,0,101.3,25.0,0,0,0,0.0,0.0
1786868295.5812888,0,0,0,101.3,25.0,0,0,0,0.0,0.0
1786868295.6316164,0,0,0,101.3,25.0,0,0,0,0.0,0.0
1786868295.6818779,0,0,0,101.3,25.0,0,0,0,0.0,0.0
1786868295.7317863,0,0,0,101.3,25.0,0,0,0,0.0,0.0
1786868295.7818167,0,0,0,101.3,25.0,0,0,0,0.0,0.0
1786868295.831971,0,0,0,101.3,25.0,0,0,0,0.0,0.0
1786868295.8818357,0,0,0,101.3,25.0,0,0,0,0.0,0.0
1786868295.9318845,0,0,0,101.3,25.0,0,0,0,0.0,0.0
1786868295.981264,0,0,0,101.3,25.0,0,0,0,0.0,0.0
1786868296.0312388,0,0,0,101.3,25.0,0,0,0,0.0,0.0
1786868296.0812657,0,0,0,101.3,25.0,0,0,0,0.0,0.0
1786868296.1313758,0,0,0,101.3,25.0,0,0,0,0.0,0.0
1786868296.1812606,0,0,0,101.3,25.0,0,0,0,0.0,0.0
1786868296.2316158,0,0,0,101.3,25.0,0,0,0,0.0,0.0
1786868296.2815316,0,0,0,101.3,25.0,0,0,0,0.0,0.0
1786868296.3311245,0,0,0,101.3,25.0,0,0,0,0.0,0.0
1786868296.3815756,0,0,0,101.3,25.0,0,0,0,0.0,0.0
1786868296.4310935,0,0,0,101.3,25.0,0,0,0,0.0,0.0
1786868296.4814372,0,0,0,101.3,25.0,0,0,0,0.0,0.0
1786868296.5315294,0,0,0,101.3,25.0,0,0,0,0.0,0.0
1786868296.5816314,0,0,0,101.3,25.0,0,0,0,0.0,0.0
1786868296.6318996,0,0,0,101.3,25.0,0,0,0,0.0,0.0
1786868296.681023,0,0,0,101.3,25.0,0,0,0,0.0,0.0
1786868296.7311332,0,0,0,101.3,25.0,0,0,0,0.0,0.0
1786868296.7814085,0,0,0,101.3,25.0,0,0,0,0.0,0.0
1786868296.8311794,0,0,0,101.3,25.0,0,0,0,0.0,0.0
1786868296.8810775,0,0,0,101.3,25.0,0,0,0,0.0,0.0
1786868296.931309,0,0,0,101.3,25.0,0,0,0,0.0,0.0
1786868296.9816358,0,0,0,101.3,25.0,0,0,0,0.0,0.0
1786868297.031536,0,0,0,101.3,25.0,0,0,0,0.0,0.0
1786868297.0818965,0,0,0,101.3,25.0,0,0,0,0.0,0.0
1786868297.1312222,0,0,0,101.3,25.0,0,0,0,0.0,0.0
1786868297.1813374,0,0,0,101.3,25.0,0,0,0,0.0,0.0
1786868297.2310367,0,0,0,101.3,25.0,0,0,0,0.0,0.0
1786868297.281446,0,0,0,101.3,25.0,0,0,0,0.0,0.0
1786868297.3316102,0,0,0,101.3,25.0,0,0,0,0.0,0.0
1786868297.380927,0,0,0,101.3,25.0,0,0,0,0.0,0.0
1786868297.4317477,0,0,0,101.3,25.0,0,0,0,0.0,0.0
1786868297.4810488,0,0,0,101.3,25.0,0,0,0,0.0,0.0
1786868297.5319052,0,0,0,101.3,25.0,0,0,0,0.0,0.0
1786868297.5810862,0,0,0,101.3,25.0,0,0,0,0.0,0.0
1786868297.631331,0,0,0,101.3,25.0,0,0,0,0.0,0.0
1786868297.6815245,0,0,0,101.3,25.0,0,0,0,0.0,0.0
1786868297.7319727,0,0,0,101.3,25.0,0,0,0,0.0,0.0
1786868297.7811658,0,0,0,101.3,25.0,0,0,0,0.0,0.0
1786868297.8318927,0,0,0,101.3,25.0,0,0,0,0.0,0.0
1786868297.881418,0,0,0,101.3,25.0,0,0,0,0.0,0.0
1786868297.9313085,0,0,0,101.3,25.0,0,0,0,0.0,0.0
1786868297.9818494,0,0,0,101.3,25.0,0,0,0,0.0,0.0
1786868298.031165,0,0,0,101.3,25.0,0,0,0,0.0,0.0
1786868298.0815277,0,0,0,101.3,25.0,0,0,0,0.0,0.0
1786868298.131812,0,0,0,101.3,25.0,0,0,0,0.0,0.0
1786868298.181861,0,0,0,101.3,25.0,0,0,0,0.0,0.0
1786868298.2315786,0,0,0,101.3,25.0,0,0,0,0.0,0.0
1786868298.2819183,0,0,0,101.3,25.0,0,0,0,0.0,0.0
1786868298.331532,0,0,0,101.3,25.0,0,0,0,0.0,0.0
1786868298.381154,0,0,0,101.3,25.0,0,0,0,0.0,0.0
1786868298.4316316,0,0,0,101.3,25.0,0,0,0,0.0,0.0
1786868298.4818623,0,0,0,101.3,25.0,0,0,0,0.0,0.0
1786868298.5316145,0,0,0,101.3,25.0,0,0,0,0.0,0.0
1786868298.5819235,0,0,0,101.3,25.0,0,0,0,0.0,0.0
1786868298.6312592,0,0,0,101.3,25.0,0,0,0,0.0,0.0
1786868298.6813927,0,0,0,101.3,25.0,0,0,0,0.0,0.0
1786868298.731088,0,0,0,101.3,25.0,0,0,0,0.0,0.0
1786868298.7813947,0,0,0,101.3,25.0,0,0,0,0.0,0.0
1786868298.8310468,0,0,0,101.3,25.0,0,0,0,0.0,0.0
1786868298.8812976,0,0,0,101.3,25.0,0,0,0,0.0,0.0
1786868298.9313765,0,0,0,101.3,25.0,0,0,0,0.0,0.0
1786868298.981593,0,0,0,101.3,25.0,0,0,0,0.0,0.0
1786868299.0316994,0,0,0,101.3,25.0,0,0,0,0.0,0.0
1786868299.0819733,0,0,0,101.3,25.0,0,0,0,0.0,0.0
1786868299.131288,0,0,0,101.3,25.0,0,0,0,0.0,0.0
1786868299.1814718,0,0,0,101.3,25.0,0,0,0,0.0,0.0
1786868299.2319803,0,0,0,101.3,25.0,0,0,0,0.0,0.0
1786868299.2813084,0,0,0,101.3,25.0,0,0,0,0.0,0.0
1786868299.3312879,0,0,0,101.3,25.0,0,0,0,0.0,0.0
1786868299.381524,0,0,0,101.3,25.0,0,0,0,0.0,0.0
1786868299.4315994,0,0,0,101.3,25.0,0,0,0,0.0,0.0
1786868299.4816034,0,0,0,101.3,25.0,0,0,0,0.0,0.0
1786868299.531316,0,0,0,101.3,25.0,0,0,0,0.0,0.0
1786868299.5814948,0,0,0,101.3,25.0,0,0,0,0.0,0.0
1786868299.6318667,0,0,0,101.3,25.0,0,0,0,0.0,0.0
1786868299.6809857,0,0,0,101.3,25.0,0,0,0,0.0,0.0
1786868299.7312791,0,0,0,101.3,25.0,0,0,0,0.0,0.0
1786868299.7814095,0,0,0,101.3,25.0,0,0,0,0.0,0.0
1786868299.831282,0,0,0,101.3,25.0,0,0,0,0.0,0.0
1786868299.8815324,0,0,0,101.3,25.0,0,0,0,0.0,0.0
1786868299.9318912,0,0,0,101.3,25.0,0,0,0,0.0,0.0
1786868299.9812639,0,0,0,101.3,25.0,0,0,0,0.0,0.0
1786868300.0308464,0,0,0,101.3,25.0,0,0,0,0.0,0.0
1786868300.0812497,0,0,0,101.3,25.0,0,0,0,0.0,0.0
1786868300.1315577,0,0,0,101.3,25.0,0,0,0,0.0,0.0
1786868300.18181,0,0,0,101.3,25.0,0,0,0,0.0,0.0
1786868300.2311296,0,0,0,101.3,25.0,0,0,0,0.0,0.0
1786868300.2817242,0,0,0,101.3,25.0,0,0,0,0.0,0.0
1786868300.331172,0,0,0,101.3,25.0,0,0,0,0.0,0.0
1786868300.3814745,0,0,0,101.3,25.0,0,0,0,0.0,0.0
1786868300.431801,0,0,0,101.3,25.0,0,0,0,0.0,0.0
1786868300.481932,0,0,0,101.3,25.0,0,0,0,0.0,0.0
1786868300.5316453,0,0,0,101.3,25.0,0,0,0,0.0,0.0
1786868300.5817907,0,0,0,101.3,25.0,0,0,0,0.0,0.0
1786868300.6317108,0,0,0,101.3,25.0,0,0,0,0.0,0.0
1786868300.6812983,0,0,0,101.3,25.0,0,0,0,0.0,0.0
1786868300.7313907,0,0,0,101.3,25.0,0,0,0,0.0,0.0
1786868300.781774,0,0,0,101.3,25.0,0,0,0,0.0,0.0
1786868300.8315165,0,0,0,101.3,25.0,0,0,0,0.0,0.0
1786868300.8818002,0,0,0,101.3,25.0,0,0,0,0.0,0.0
1786868300.931229,0,0,0,101.3,25.0,0,0,0,0.0,0.0
1786868300.981881,0,0,0,101.3,25.0,0,0,0,0.0,0.0
1786868301.0318315,0,0,0,101.3,25.0,0,0,0,0.0,0.0
1786868301.0818357,0,0,0,101.3,25.0,0,0,0,0.0,0.0
1786868301.1313055,0,0,0,101.3,25.0,0,0,0,0.0,0.0
1786868301.1817098,0,0,0,101.3,25.0,0,0,0,0.0,0.0
1786868301.2315307,0,0,0,101.3,25.0,0,0,0,0.0,0.0
1786868301.281342,0,0,0,101.3,25.0,0,0,0,0.0,0.0
1786868301.3311048,0,0,0,101.3,25.0,0,0,0,0.0,0.0
1786868301.3814943,0,0,0,101.3,25.0,0,0,0,0.0,0.0
1786868301.4315825,0,0,0,101.3,25.0,0,0,0,0.0,0.0
1786868301.481161,0,0,0,101.3,25.0,0,0,0,0.0,0.0
1786868301.5312724,0,0,0,101.3,25.0,0,0,0,0.0,0.0
1786868301.5809915,0,0,0,101.3,25.0,0,0,0,0.0,0.0
1786868301.6310103,0,0,0,101.3,25.0,0,0,0,0.0,0.0
1786868301.6817095,0,0,0,101.3,25.0,0,0,0,0.0,0.0
1786868301.7313523,0,0,0,101.3,25.0,0,0,0,0.0,0.0
1786868301.781347,0,0,0,101.3,25.0,0,0,0,0.0,0.0
1786868301.8319824,0,0,0,101.3,25.0,0,0,0,0.0,0.0
1786868301.8812144,0,0,0,101.3,25.0,0,0,0,0.0,0.0
1786868301.9315872,0,0,0,101.3,25.0,0,0,0,0.0,0.0
1786868301.980947,0,0,0,101.3,25.0,0,0,0,0.0,0.0
1786868302.0316586,0,0,0,101.3,25.0,0,0,0,0.0,0.0
1786868302.081368,0,0,0,101.3,25.0,0,0,0,0.0,0.0
1786868302.1315339,0,0,0,101.3,25.0,0,0,0,0.0,0.0
1786868302.1815896,0,0,0,101.3,25.0,0,0,0,0.0,0.0
1786868302.2317488,0,0,0,101.3,25.0,0,0,0,0.0,0.0
1786868302.2818878,0,0,0,101.3,25.0,0,0,0,0.0,0.0
1786868302.3311193,0,0,0,101.3,25.0,0,0,0,0.0,0.0
1786868302.3814783,0,0,0,101.3,25.0,0,0,0,0.0,0.0
1786868302.4314425,0,0,0,101.3,25.0,0,0,0,0.0,0.0
1786868302.481609,0,0,0,101.3,25.0,0,0,0,0.0,0.0
1786868302.5309758,0,0,0,101.3,25.0,0,0,0,0.0,0.0
1786868302.581687,0,0,0,101.3,25.0,0,0,0,0.0,0.0
1786868302.631442,0,0,0,101.3,25.0,0,0,0,0.0,0.0
1786868302.6815073,0,0,0,101.3,25.0,0,0,0,0.0,0.0
1786868302.7318084,0,0,0,101.3,25.0,0,0,0,0.0,0.0
1786868302.7818608,0,0,0,101.3,25.0,0,0,0,0.0,0.0
1786868302.8312213,0,0,0,101.3,25.0,0,0,0,0.0,0.0
1786868302.88152,0,0,0,101.3,25.0,0,0,0,0.0,0.0
1786868302.9310372,0,0,0,101.3,25.0,0,0,0,0.0,0.0
1786868302.9810016,0,0,0,101.3,25.0,0,0,0,0.0,0.0
1786868303.0313425,0,0,0,101.3,25.0,0,0,0,0.0,0.0
1786868303.0815606,0,0,0,101.3,25.0,0,0,0,0.0,0.0
1786868303.1317344,0,0,0,101.3,25.0,0,0,0,0.0,0.0
1786868303.1809523,0,0,0,101.3,25.0,0,0,0,0.0,0.0
1786868303.2316334,0,0,0,101.3,25.0,0,0,0,0.0,0.0
1786868303.2818208,0,0,0,101.3,25.0,0,0,0,0.0,0.0
1786868303.3319058,0,0,0,101.3,25.0,0,0,0,0.0,0.0
1786868303.3819747,0,0,0,101.3,25.0,0,0,0,0.0,0.0
1786868303.4319263,0,0,0,101.3,25.0,0,0,0,0.0,0.0
1786868303.4809456,0,0,0,101.3,25.0,0,0,0,0.0,0.0
1786868303.531305,0,0,0,101.3,25.0,0,0,0,0.0,0.0
1786868303.5811,0,0,0,101.3,25.0,0,0,0,0.0,0.0
1786868303.633806,0,0,0,101.3,25.0,0,0,0,0.0,0.0
1786868303.6813216,0,0,0,101.3,25.0,0,0,0,0.0,0.0
1786868303.7313669,0,0,0,101.3,25.0,0,0,0,0.0,0.0
1786868303.781717,0,0,0,101.3,25.0,0,0,0,0.0,0.0
1786868303.831709,0,0,0,101.3,25.0,0,0,0,0.0,0.0
1786868303.8814888,0,0,0,101.3,25.0,0,0,0,0.0,0.0
1786868303.9318266,0,0,0,101.3,25.0,0,0,0,0.0,0.0
1786868303.9811974,0,0,0,101.3,25.0,0,0,0,0.0,0.0
1786868304.03153,0,0,0,101.3,25.0,0,0,0,0.0,0.0
1786868304.0816154,0,0,0,101.3,25.0,0,0,0,0.0,0.0
1786868304.1314456,0,0,0,101.3,25.0,0,0,0,0.0,0.0
1786868304.1818547,0,0,0,101.3,25.0,0,0,0,0.0,0.0
1786868304.2309988,0,0,0,101.3,25.0,0,0,0,0.0,0.0
1786868304.281066,0,0,0,101.3,25.0,0,0,0,0.0,0.0
1786868304.3313093,0,0,0,101.3,25.0,0,0,0,0.0,0.0
1786868304.3813076,0,0,0,101.3,25.0,0,0,0,0.0,0.0
1786868304.4310884,0,0,0,101.3,25.0,0,0,0,0.0,0.0
1786868304.4818306,0,0,0,101.3,25.0,0,0,0,0.0,0.0
1786868304.5319822,0,0,0,101.3,25.0,0,0,0,0.0,0.0
1786868304.5811837,0,0,0,101.3,25.0,0,0,0,0.0,0.0
1786868304.631078,0,0,0,101.3,25.0,0,0,0,0.0,0.0
1786868304.6815348,0,0,0,101.3,25.0,0,0,0,0.0,0.0
1786868304.7318769,0,0,0,101.3,25.0,0,0,0,0.0,0.0
1786868304.7817523,0,0,0,101.3,25.0,0,0,0,0.0,0.0
1786868304.8311627,0,0,0,101.3,25.0,0,0,0,0.0,0.0
1786868304.8815186,0,0,0,101.3,25.0,0,0,0,0.0,0.0
1786868304.9308999,0,0,0,101.3,25.0,0,0,0,0.0,0.0
1786868304.9812021,0,0,0,101.3,25.0,0,0,0,0.0,0.0
1786868305.0314448,0,0,0,101.3,25.0,0,0,0,0.0,0.0
1786868305.0818958,0,0,0,101.3,25.0,0,0,0,0.0,0.0
1786868305.1312456,0,0,0,101.3,25.0,0,0,0,0.0,0.0
1786868305.1810946,0,0,0,101.3,25.0,0,0,0,0.0,0.0
1786868305.2318962,0,0,0,101.3,25.0,0,0,0,0.0,0.0
1786868305.2812004,0,0,0,101.3,25.0,0,0,0,0.0,0.0
1786868305.331399,0,0,0,101.3,25.0,0,0,0,0.0,0.0
1786868305.3812075,0,0,0,101.3,25.0,0,0,0,0.0,0.0
1786868305.4310381,0,0,0,101.3,25.0,0,0,0,0.0,0.0
1786868305.4818184,0,0,0,101.3,25.0,0,0,0,0.0,0.0
1786868305.5309987,0,0,0,101.3,25.0,0,0,0,0.0,0.0
1786868305.5812619,0,0,0,101.3,25.0,0,0,0,0.0,0.0
1786868305.6316452,0,0,0,101.3,25.0,0,0,0,0.0,0.0
1786868305.6817708,0,0,0,101.3,25.0,0,0,0,0.0,0.0
1786868305.7315052,0,0,0,101.3,25.0,0,0,0,0.0,0.0
1786868305.7815979,0,0,0,101.3,25.0,0,0,0,0.0,0.0
1786868305.8316464,0,0,0,101.3,25.0,0,0,0,0.0,0.0
1786868305.8818645,0,0,0,101.3,25.0,0,0,0,0.0,0.0
1786868305.9310546,0,0,0,101.3,25.0,0,0,0,0.0,0.0
1786868305.9811852,0,0,0,101.3,25.0,0,0,0,0.0,0.0
1786868306.03166,0,0,0,101.3,25.0,0,0,0,0.0,0.0
1786868306.0817776,0,0,0,101.3,25.0,0,0,0,0.0,0.0
1786868306.1315103,0,0,0,101.3,25.0,0,0,0,0.0,0.0
1786868306.181773,0,0,0,101.3,25.0,0,0,0,0.0,0.0
1786868306.2311301,0,0,0,101.3,25.0,0,0,0,0.0,0.0
1786868306.281161,0,0,0,101.3,25.0,0,0,0,0.0,0.0
1786868306.331801,0,0,0,101.3,25.0,0,0,0,0.0,0.0
1786868306.3818097,0,0,0,101.3,25.0,0,0,0,0.0,0.0
1786868306.4312158,0,0,0,101.3,25.0,0,0,0,0.0,0.0
1786868306.481561,0,0,0,101.3,25.0,0,0,0,0.0,0.0
1786868306.5312505,0,0,0,101.3,25.0,0,0,0,0.0,0.0
1786868306.5814252,0,0,0,101.3,25.0,0,0,0,0.0,0.0
1786868306.6314466,0,0,0,101.3,25.0,0,0,0,0.0,0.0
1786868306.6818411,0,0,0,101.3,25.0,0,0,0,0.0,0.0
1786868306.7310514,0,0,0,101.3,25.0,0,0,0,0.0,0.0
1786868306.781366,0,0,0,101.3,25.0,0,0,0,0.0,0.0
1786868306.8312616,0,0,0,101.3,25.0,0,0,0,0.0,0.0
1786868306.8814635,0,0,0,101.3,25.0,0,0,0,0.0,0.0
1786868306.931775,0,0,0,101.3,25.0,0,0,0,0.0,0.0
1786868306.981764,0,0,0,101.3,25.0,0,0,0,0.0,0.0
1786868307.0316272,0,0,0,101.3,25.0,0,0,0,0.0,0.0
1786868307.081904,0,0,0,101.3,25.0,0,0,0,0.0,0.0
1786868307.1312118,0,0,0,101.3,25.0,0,0,0,0.0,0.0
1786868307.181207,0,0,0,101.3,25.0,0,0,0,0.0,0.0
1786868307.2313669,0,0,0,101.3,25.0,0,0,0,0.0,0.0
1786868307.2819266,0,0,0,101.3,25.0,0,0,0,0.0,0.0
1786868307.3310025,0,0,0,101.3,25.0,0,0,0,0.0,0.0
1786868307.3810167,0,0,0,101.3,25.0,0,0,0,0.0,0.0
1786868307.4317596,0,0,0,101.3,25.0,0,0,0,0.0,0.0
1786868307.4811296,0,0,0,101.3,25.0,0,0,0,0.0,0.0
1786868307.5318236,0,0,0,101.3,25.0,0,0,0,0.0,0.0
1786868307.58156,0,0,0,101.3,25.0,0,0,0,0.0,0.0
1786868307.6315198,0,0,0,101.3,25.0,0,0,0,0.0,0.0
1786868307.6813638,0,0,0,101.3,25.0,0,0,0,0.0,0.0
1786868307.731534,0,0,0,101.3,25.0,0,0,0,0.0,0.0
1786868307.7809603,0,0,0,101.3,25.0,0,0,0,0.0,0.0
1786868307.8312106,0,0,0,101.3,25.0,0,0,0,0.0,0.0
1786868307.881582,0,0,0,101.3,25.0,0,0,0,0.0,0.0
1786868307.9309845,0,0,0,101.3,25.0,0,0,0,0.0,0.0
1786868307.9809847,0,0,0,101.3,25.0,0,0,0,0.0,0.0
1786868308.0310998,0,0,0,101.3,25.0,0,0,0,0.0,0.0
1786868308.081393,0,0,0,101.3,25.0,0,0,0,0.0,0.0
1786868308.1316116,0,0,0,101.3,25.0,0,0,0,0.0,0.0
1786868308.181973,0,0,0,101.3,25.0,0,0,0,0.0,0.0
1786868308.2311509,0,0,0,101.3,25.0,0,0,0,0.0,0.0
1786868308.2813773,0,0,0,101.3,25.0,0,0,0,0.0,0.0
1786868308.3317854,0,0,0,101.3,25.0,0,0,0,0.0,0.0
1786868308.380879,0,0,0,101.3,25.0,0,0,0,0.0,0.0
1786868308.431325,0,0,0,101.3,25.0,0,0,0,0.0,0.0
1786868308.4814825,0,0,0,101.3,25.0,0,0,0,0.0,0.0
1786868308.531809,0,0,0,101.3,25.0,0,0,0,0.0,0.0
1786868308.5817835,0,0,0,101.3,25.0,0,0,0,0.0,0.0
1786868308.6310966,0,0,0,101.3,25.0,0,0,0,0.0,0.0
1786868308.6812615,0,0,0,101.3,25.0,0,0,0,0.0,0.0
1786868308.7311428,0,0,0,101.3,25.0,0,0,0,0.0,0.0
1786868308.7814844,0,0,0,101.3,25.0,0,0,0,0.0,0.0
1786868308.8314035,0,0,0,101.3,25.0,0,0,0,0.0,0.0
1786868308.881551,0,0,0,101.3,25.0,0,0,0,0.0,0.0
1786868308.9316537,0,0,0,101.3,25.0,0,0,0,0.0,0.0
1786868308.981736,0,0,0,101.3,25.0,0,0,0,0.0,0.0
1786868309.031563,0,0,0,101.3,25.0,0,0,0,0.0,0.0
1786868309.0813572,0,0,0,101.3,25.0,0,0,0,0.0,0.0
1786868309.131937,0,0,0,101.3,25.0,0,0,0,0.0,0.0
1786868309.181838,0,0,0,101.3,25.0,0,0,0,0.0,0.0
1786868309.2311625,0,0,0,101.3,25.0,0,0,0,0.0,0.0
1786868309.2816489,0,0,0,101.3,25.0,0,0,0,0.0,0.0
1786868309.3311162,0,0,0,101.3,25.0,0,0,0,0.0,0.0
1786868309.3817806,0,0,0,101.3,25.0,0,0,0,0.0,0.0
1786868309.430977,0,0,0,101.3,25.0,0,0,0,0.0,0.0
1786868309.4814694,0,0,0,101.3,25.0,0,0,0,0.0,0.0
1786868309.531541,0,0,0,101.3,25.0,0,0,0,0.0,0.0
1786868309.581727,0,0,0,101.3,25.0,0,0,0,0.0,0.0
1786868309.631928,0,0,0,101.3,25.0,0,0,0,0.0,0.0
1786868309.6813648,0,0,0,101.3,25.0,0,0,0,0.0,0.0
1786868309.731497,0,0,0,101.3,25.0,0,0,0,0.0,0.0
1786868309.7814367,0,0,0,101.3,25.0,0,0,0,0.0,0.0
1786868309.8319542,0,0,0,101.3,25.0,0,0,0,0.0,0.0
1786868309.8812814,0,0,0,101.3,25.0,0,0,0,0.0,0.0
1786868309.931599,0,0,0,101.3,25.0,0,0,0,0.0,0.0
1786868309.9818413,0,0,0,101.3,25.0,0,0,0,0.0,0.0
1786868310.0316565,0,0,0,101.3,25.0,0,0,0,0.0,0.0
1786868310.0813415,0,0,0,101.3,25.0,0,0,0,0.0,0.0
1786868310.131704,0,0,0,101.3,25.0,0,0,0,0.0,0.0
1786868310.1818137,0,0,0,101.3,25.0,0,0,0,0.0,0.0
1786868310.2315934,0,0,0,101.3,25.0,0,0,0,0.0,0.0
1786868310.281634,0,0,0,101.3,25.0,0,0,0,0.0,0.0
1786868310.3316433,0,0,0,101.3,25.0,0,0,0,0.0,0.0
1786868310.3817723,0,0,0,101.3,25.0,0,0,0,0.0,0.0
1786868310.4318824,0,0,0,101.3,25.0,0,0,0,0.0,0.0
1786868310.4819422,0,0,0,101.3,25.0,0,0,0,0.0,0.0
1786868310.5313132,0,0,0,101.3,25.0,0,0,0,0.0,0.0
1786868310.5814927,0,0,0,101.3,25.0,0,0,0,0.0,0.0
1786868310.6309688,0,0,0,101.3,25.0,0,0,0,0.0,0.0
1786868310.6810105,0,0,0,101.3,25.0,0,0,0,0.0,0.0
1786868310.731877,0,0,0,101.3,25.0,0,0,0,0.0,0.0
1786868310.7817364,0,0,0,101.3,25.0,0,0,0,0.0,0.0
1786868310.8311307,0,0,0,101.3,25.0,0,0,0,0.0,0.0
1786868310.8813987,0,0,0,101.3,25.0,0,0,0,0.0,0.0
1786868310.931917,0,0,0,101.3,25.0,0,0,0,0.0,0.0
1786868310.9810069,0,0,0,101.3,25.0,0,0,0,0.0,0.0
1786868311.0317137,0,0,0,101.3,25.0,0,0,0,0.0,0.0
1786868311.0808594,0,0,0,101.3,25.0,0,0,0,0.0,0.0
1786868311.131273,0,0,0,101.3,25.0,0,0,0,0.0,0.0
1786868311.1816015,0,0,0,101.3,25.0,0,0,0,0.0,0.0
1786868311.231805,0,0,0,101.3,25.0,0,0,0,0.0,0.0
1786868311.2815943,0,0,0,101.3,25.0,0,0,0,0.0,0.0
1786868311.3317478,0,0,0,101.3,25.0,0,0,0,0.0,0.0
1786868311.3811183,0,0,0,101.3,25.0,0,0,0,0.0,0.0
1786868311.4313784,0,0,0,101.3,25.0,0,0,0,0.0,0.0
1786868311.4810932,0,0,0,101.3,25.0,0,0,0,0.0,0.0
1786868311.531303,0,0,0,101.3,25.0,0,0,0,0.0,0.0
1786868311.5811338,0,0,0,101.3,25.0,0,0,0,0.0,0.0
1786868311.631393,0,0,0,101.3,25.0,0,0,0,0.0,0.0
1786868311.6814883,0,0,0,101.3,25.0,0,0,0,0.0,0.0
1786868311.7318206,0,0,0,101.3,25.0,0,0,0,0.0,0.0
1786868311.7819276,0,0,0,101.3,25.0,0,0,0,0.0,0.0
1786868311.8309982,0,0,0,101.3,25.0,0,0,0,0.0,0.0
1786868311.8817823,0,0,0,101.3,25.0,0,0,0,0.0,0.0
1786868311.9315047,0,0,0,101.3,25.0,0,0,0,0.0,0.0
1786868311.981954,0,0,0,101.3,25.0,0,0,0,0.0,0.0
1786868312.0314696,0,0,0,101.3,25.0,0,0,0,0.0,0.0
1786868312.0813224,0,0,0,101.3,25.0,0,0,0,0.0,0.0
1786868312.131846,0,0,0,101.3,25.0,0,0,0,0.0,0.0
1786868312.1808946,0,0,0,101.3,25.0,0,0,0,0.0,0.0
1786868312.2311542,0,0,0,101.3,25.0,0,0,0,0.0,0.0
1786868312.2813818,0,0,0,101.3,25.0,0,0,0,0.0,0.0
1786868312.3316598,0,0,0,101.3,25.0,0,0,0,0.0,0.0
1786868312.3818505,0,0,0,101.3,25.0,0,0,0,0.0,0.0
1786868312.4310095,0,0,0,101.3,25.0,0,0,0,0.0,0.0
1786868312.481243,0,0,0,101.3,25.0,0,0,0,0.0,0.0
1786868312.531351,0,0,0,101.3,25.0,0,0,0,0.0,0.0
1786868312.5817204,0,0,0,101.3,25.0,0,0,0,0.0,0.0
1786868312.6318948,0,0,0,101.3,25.0,0,0,0,0.0,0.0
1786868312.681576,0,0,0,101.3,25.0,0,0,0,0.0,0.0
1786868312.7318842,0,0,0,101.3,25.0,0,0,0,0.0,0.0
1786868312.7810605,0,0,0,101.3,25.0,0,0,0,0.0,0.0
1786868312.8312335,0,0,0,101.3,25.0,0,0,0,0.0,0.0
1786868312.8815749,0,0,0,101.3,25.0,0,0,0,0.0,0.0
1786868312.9318774,0,0,0,101.3,25.0,0,0,0,0.0,0.0
1786868312.9814467,0,0,0,101.3,25.0,0,0,0,0.0,0.0
1786868313.0317073,0,0,0,101.3,25.0,0,0,0,0.0,0.0
1786868313.081468,0,0,0,101.3,25.0,0,0,0,0.0,0.0
1786868313.131923,0,0,0,101.3,25.0,0,0,0,0.0,0.0
1786868313.1810427,0,0,0,101.3,25.0,0,0,0,0.0,0.0
1786868313.2311814,0,0,0,101.3,25.0,0,0,0,0.0,0.0
1786868313.2815058,0,0,0,101.3,25.0,0,0,0,0.0,0.0
1786868313.3317838,0,0,0,101.3,25.0,0,0,0,0.0,0.0
1786868313.3810349,0,0,0,101.3,25.0,0,0,0,0.0,0.0
1786868313.4312813,0,0,0,101.3,25.0,0,0,0,0.0,0.0
1786868313.481824,0,0,0,101.3,25.0,0,0,0,0.0,0.0
1786868313.5315998,0,0,0,101.3,25.0,0,0,0,0.0,0.0
1786868313.5812974,0,0,0,101.3,25.0,0,0,0,0.0,0.0
1786868313.6311505,0,0,0,101.3,25.0,0,0,0,0.0,0.0
1786868313.6817877,0,0,0,101.3,25.0,0,0,0,0.0,0.0
1786868313.7311764,0,0,0,101.3,25.0,0,0,0,0.0,0.0
1786868313.7816231,0,0,0,101.3,25.0,0,0,0,0.0,0.0
1786868313.8310783,0,0,0,101.3,25.0,0,0,0,0.0,0.0
1786868313.880997,0,0,0,101.3,25.0,0,0,0,0.0,0.0
1786868313.9312234,0,0,0,101.3,25.0,0,0,0,0.0,0.0
1786868313.9811466,0,0,0,101.3,25.0,0,0,0,0.0,0.0
1786868314.0313518,0,0,0,101.3,25.0,0,0,0,0.0,0.0
1786868314.0810921,0,0,0,101.3,25.0,0,0,0,0.0,0.0
1786868314.1316273,0,0,0,101.3,25.0,0,0,0,0.0,0.0
1786868314.181066,0,0,0,101.3,25.0,0,0,0,0.0,0.0
1786868314.2312636,0,0,0,101.3,25.0,0,0,0,0.0,0.0
1786868314.281878,0,0,0,101.3,25.0,0,0,0,0.0,0.0
1786868314.3312936,0,0,0,101.3,25.0,0,0,0,0.0,0.0
1786868314.3817828,0,0,0,101.3,25.0,0,0,0,0.0,0.0
1786868314.4309533,0,0,0,101.3,25.0,0,0,0,0.0,0.0
1786868314.4814448,0,0,0,101.3,25.0,0,0,0,0.0,0.0
1786868314.5311654,0,0,0,101.3,25.0,0,0,0,0.0,0.0
1786868314.5812829,0,0,0,101.3,25.0,0,0,0,0.0,0.0
1786868314.6310227,0,0,0,101.3,25.0,0,0,0,0.0,0.0
1786868314.6819267,0,0,0,101.3,25.0,0,0,0,0.0,0.0
1786868314.7314246,0,0,0,101.3,25.0,0,0,0,0.0,0.0
1786868314.7816088,0,0,0,101.3,25.0,0,0,0,0.0,0.0
1786868314.8309774,0,0,0,101.3,25.0,0,0,0,0.0,0.0
1786868314.8811536,0,0,0,101.3,25.0,0,0,0,0.0,0.0
1786868314.9312658,0,0,0,101.3,25.0,0,0,0,0.0,0.0
1786868314.981269,0,0,0,101.3,25.0,0,0,0,0.0,0.0
1786868315.0309138,0,0,0,101.3,25.0,0,0,0,0.0,0.0
1786868315.081163,0,0,0,101.3,25.0,0,0,0,0.0,0.0
1786868315.1314764,0,0,0,101.3,25.0,0,0,0,0.0,0.0
1786868315.1816163,0,0,0,101.3,25.0,0,0,0,0.0,0.0
1786868315.2314181,0,0,0,101.3,25.0,0,0,0,0.0,0.0
1786868315.2817187,0,0,0,101.3,25.0,0,0,0,0.0,0.0
1786868315.3310108,0,0,0,101.3,25.0,0,0,0,0.0,0.0
1786868315.3812268,0,0,0,101.3,25.0,0,0,0,0.0,0.0
1786868315.4315813,0,0,0,101.3,25.0,0,0,0,0.0,0.0
1786868315.4814618,0,0,0,101.3,25.0,0,0,0,0.0,0.0
1786868315.5317304,0,0,0,101.3,25.0,0,0,0,0.0,0.0
1786868315.5810084,0,0,0,101.3,25.0,0,0,0,0.0,0.0
1786868315.6316454,0,0,0,101.3,25.0,0,0,0,0.0,0.0
1786868315.6810007,0,0,0,101.3,25.0,0,0,0,0.0,0.0
1786868315.7314665,0,0,0,101.3,25.0,0,0,0,0.0,0.0
1786868315.7818897,0,0,0,101.3,25.0,0,0,0,0.0,0.0
1786868315.831633,0,0,0,101.3,25.0,0,0,0,0.0,0.0
1786868315.8815248,0,0,0,101.3,25.0,0,0,0,0.0,0.0
1786868315.9319043,0,0,0,101.3,25.0,0,0,0,0.0,0.0
1786868315.9817057,0,0,0,101.3,25.0,0,0,0,0.0,0.0
1786868316.0313647,0,0,0,101.3,25.0,0,0,0,0.0,0.0
1786868316.081974,0,0,0,101.3,25.0,0,0,0,0.0,0.0
1786868316.1317694,0,0,0,101.3,25.0,0,0,0,0.0,0.0
1786868316.1811533,0,0,0,101.3,25.0,0,0,0,0.0,0.0
1786868316.2316024,0,0,0,101.3,25.0,0,0,0,0.0,0.0
1786868316.2808979,0,0,0,101.3,25.0,0,0,0,0.0,0.0
1786868316.3314254,0,0,0,101.3,25.0,0,0,0,0.0,0.0
1786868316.3812728,0,0,0,101.3,25.0,0,0,0,0.0,0.0
1786868316.4321105,0,0,0,101.3,25.0,0,0,0,0.0,0.0
1786868316.481301,0,0,0,101.3,25.0,0,0,0,0.0,0.0
1786868316.531165,0,0,0,101.3,25.0,0,0,0,0.0,0.0
1786868316.5815818,0,0,0,101.3,25.0,0,0,0,0.0,0.0
1786868316.6314135,0,0,0,101.3,25.0,0,0,0,0.0,0.0
1786868316.6810827,0,0,0,101.3,25.0,0,0,0,0.0,0.0
1786868316.7315013,0,0,0,101.3,25.0,0,0,0,0.0,0.0
1786868316.781169,0,0,0,101.3,25.0,0,0,0,0.0,0.0
1786868316.8313723,0,0,0,101.3,25.0,0,0,0,0.0,0.0
1786868316.8818755,0,0,0,101.3,25.0,0,0,0,0.0,0.0
1786868316.9310975,0,0,0,101.3,25.0,0,0,0,0.0,0.0
1786868316.9816728,0,0,0,101.3,25.0,0,0,0,0.0,0.0
1786868317.031891,0,0,0,101.3,25.0,0,0,0,0.0,0.0
1786868317.0812335,0,0,0,101.3,25.0,0,0,0,0.0,0.0
1786868317.1313462,0,0,0,101.3,25.0,0,0,0,0.0,0.0
1786868317.1813447,0,0,0,101.3,25.0,0,0,0,0.0,0.0
1786868317.2309992,0,0,0,101.3,25.0,0,0,0,0.0,0.0
1786868317.2810717,0,0,0,101.3,25.0,0,0,0,0.0,0.0
1786868317.331869,0,0,0,101.3,25.0,0,0,0,0.0,0.0
1786868317.3819454,0,0,0,101.3,25.0,0,0,0,0.0,0.0
1786868317.4312081,0,0,0,101.3,25.0,0,0,0,0.0,0.0
1786868317.4818952,0,0,0,101.3,25.0,0,0,0,0.0,0.0
1786868317.5319266,0,0,0,101.3,25.0,0,0,0,0.0,0.0
1786868317.5811,0,0,0,101.3,25.0,0,0,0,0.0,0.0
1786868317.6314557,0,0,0,101.3,25.0,0,0,0,0.0,0.0
1786868317.6815248,0,0,0,101.3,25.0,0,0,0,0.0,0.0
1786868317.7317295,0,0,0,101.3,25.0,0,0,0,0.0,0.0
1786868317.7815285,0,0,0,101.3,25.0,0,0,0,0.0,0.0
1786868317.8318226,0,0,0,101.3,25.0,0,0,0,0.0,0.0
1786868317.8812747,0,0,0,101.3,25.0,0,0,0,0.0,0.0
1786868317.9310594,0,0,0,101.3,25.0,0,0,0,0.0,0.0
1786868317.981537,0,0,0,101.3,25.0,0,0,0,0.0,0.0
1786868318.0311673,0,0,0,101.3,25.0,0,0,0,0.0,0.0
1786868318.081045,0,0,0,101.3,25.0,0,0,0,0.0,0.0
1786868318.1314404,0,0,0,101.3,25.0,0,0,0,0.0,0.0
1786868318.180833,0,0,0,101.3,25.0,0,0,0,0.0,0.0
1786868318.231145,0,0,0,101.3,25.0,0,0,0,0.0,0.0
1786868318.2813613,0,0,0,101.3,25.0,0,0,0,0.0,0.0
1786868318.3313916,0,0,0,101.3,25.0,0,0,0,0.0,0.0
1786868318.3814714,0,0,0,101.3,25.0,0,0,0,0.0,0.0
1786868318.4314787,0,0,0,101.3,25.0,0,0,0,0.0,0.0
1786868318.4812114,0,0,0,101.3,25.0,0,0,0,0.0,0.0
1786868318.530984,0,0,0,101.3,25.0,0,0,0,0.0,0.0
1786868318.5818663,0,0,0,101.3,25.0,0,0,0,0.0,0.0
1786868318.631367,0,0,0,101.3,25.0,0,0,0,0.0,0.0
1786868318.6812303,0,0,0,101.3,25.0,0,0,0,0.0,0.0
1786868318.731577,0,0,0,101.3,25.0,0,0,0,0.0,0.0
1786868318.7818928,0,0,0,101.3,25.0,0,0,0,0.0,0.0
1786868318.8314397,0,0,0,101.3,25.0,0,0,0,0.0,0.0
1786868318.881185,0,0,0,101.3,25.0,0,0,0,0.0,0.0
1786868318.9314156,0,0,0,101.3,25.0,0,0,0,0.0,0.0
1786868318.9817495,0,0,0,101.3,25.0,0,0,0,0.0,0.0
1786868319.0316603,0,0,0,101.3,25.0,0,0,0,0.0,0.0
1786868319.0818992,0,0,0,101.3,25.0,0,0,0,0.0,0.0
1786868319.1311066,0,0,0,101.3,25.0,0,0,0,0.0,0.0
1786868319.1814437,0,0,0,101.3,25.0,0,0,0,0.0,0.0
1786868319.2311034,0,0,0,101.3,25.0,0,0,0,0.0,0.0
1786868319.2818038,0,0,0,101.3,25.0,0,0,0,0.0,0.0
1786868319.331469,0,0,0,101.3,25.0,0,0,0,0.0,0.0
1786868319.3811433,0,0,0,101.3,25.0,0,0,0,0.0,0.0
1786868319.4316416,0,0,0,101.3,25.0,0,0,0,0.0,0.0
1786868319.4816191,0,0,0,101.3,25.0,0,0,0,0.0,0.0
1786868319.5314026,0,0,0,101.3,25.0,0,0,0,0.0,0.0
1786868319.5816998,0,0,0,101.3,25.0,0,0,0,0.0,0.0
1786868319.6311483,0,0,0,101.3,25.0,0,0,0,0.0,0.0
1786868319.6811628,0,0,0,101.3,25.0,0,0,0,0.0,0.0
1786868319.731584,0,0,0,101.3,25.0,0,0,0,0.0,0.0
1786868319.7810168,0,0,0,101.3,25.0,0,0,0,0.0,0.0
1786868319.8317196,0,0,0,101.3,25.0,0,0,0,0.0,0.0
1786868319.8815324,0,0,0,101.3,25.0,0,0,0,0.0,0.0
1786868319.9314058,0,0,0,101.3,25.0,0,0,0,0.0,0.0
1786868319.981551,0,0,0,101.3,25.0,0,0,0,0.0,0.0
1786868320.0316322,0,0,0,101.3,25.0,0,0,0,0.0,0.0
1786868320.08159,0,0,0,101.3,25.0,0,0,0,0.0,0.0
1786868320.1310344,0,0,0,101.3,25.0,0,0,0,0.0,0.0
1786868320.1813147,0,0,0,101.3,25.0,0,0,0,0.0,0.0
1786868320.2315564,0,0,0,101.3,25.0,0,0,0,0.0,0.0
1786868320.2815995,0,0,0,101.3,25.0,0,0,0,0.0,0.0
1786868320.3318322,0,0,0,101.3,25.0,0,0,0,0.0,0.0
1786868320.3809955,0,0,0,101.3,25.0,0,0,0,0.0,0.0
1786868320.4311032,0,0,0,101.3,25.0,0,0,0,0.0,0.0
1786868320.4814303,0,0,0,101.3,25.0,0,0,0,0.0,0.0
1786868320.531713,0,0,0,101.3,25.0,0,0,0,0.0,0.0
1786868320.5810916,0,0,0,101.3,25.0,0,0,0,0.0,0.0
1786868320.6317782,0,0,0,101.3,25.0,0,0,0,0.0,0.0
1786868320.681817,0,0,0,101.3,25.0,0,0,0,0.0,0.0
1786868320.7314057,0,0,0,101.3,25.0,0,0,0,0.0,0.0
1786868320.781427,0,0,0,101.3,25.0,0,0,0,0.0,0.0
1786868320.8319144,0,0,0,101.3,25.0,0,0,0,0.0,0.0
1786868320.8818173,0,0,0,101.3,25.0,0,0,0,0.0,0.0
1786868320.931631,0,0,0,101.3,25.0,0,0,0,0.0,0.0
1786868320.9817817,0,0,0,101.3,25.0,0,0,0,0.0,0.0
1786868321.0312552,0,0,0,101.3,25.0,0,0,0,0.0,0.0
1786868321.0811682,0,0,0,101.3,25.0,0,0,0,0.0,0.0
1786868321.1311944,0,0,0,101.3,25.0,0,0,0,0.0,0.0
1786868321.1812167,0,0,0,101.3,25.0,0,0,0,0.0,0.0
1786868321.231215,0,0,0,101.3,25.0,0,0,0,0.0,0.0
1786868321.2812185,0,0,0,101.3,25.0,0,0,0,0.0,0.0
1786868321.331619,0,0,0,101.3,25.0,0,0,0,0.0,0.0
1786868321.3809056,0,0,0,101.3,25.0,0,0,0,0.0,0.0
1786868321.4313502,0,0,0,101.3,25.0,0,0,0,0.0,0.0
1786868321.4817474,0,0,0,101.3,25.0,0,0,0,0.0,0.0
1786868321.5319598,0,0,0,101.3,25.0,0,0,0,0.0,0.0
1786868321.5812988,0,0,0,101.3,25.0,0,0,0,0.0,0.0
1786868321.6317003,0,0,0,101.3,25.0,0,0,0,0.0,0.0
1786868321.6813178,0,0,0,101.3,25.0,0,0,0,0.0,0.0
1786868321.7309334,0,0,0,101.3,25.0,0,0,0,0.0,0.0
1786868321.7812076,0,0,0,101.3,25.0,0,0,0,0.0,0.0
1786868321.8316395,0,0,0,101.3,25.0,0,0,0,0.0,0.0
1786868321.8819413,0,0,0,101.3,25.0,0,0,0,0.0,0.0
1786868321.9318283,0,0,0,101.3,25.0,0,0,0,0.0,0.0
1786868321.9814053,0,0,0,101.3,25.0,0,0,0,0.0,0.0
1786868322.03126,0,0,0,101.3,25.0,0,0,0,0.0,0.0
1786868322.0812402,0,0,0,101.3,25.0,0,0,0,0.0,0.0
1786868322.1310518,0,0,0,101.3,25.0,0,0,0,0.0,0.0
1786868322.1815555,0,0,0,101.3,25.0,0,0,0,0.0,0.0
1786868322.2311928,0,0,0,101.3,25.0,0,0,0,0.0,0.0
1786868322.281464,0,0,0,101.3,25.0,0,0,0,0.0,0.0
1786868322.3315322,0,0,0,101.3,25.0,0,0,0,0.0,0.0
1786868322.3818054,0,0,0,101.3,25.0,0,0,0,0.0,0.0
1786868322.4310696,0,0,0,101.3,25.0,0,0,0,0.0,0.0
1786868322.4810572,0,0,0,101.3,25.0,0,0,0,0.0,0.0
1786868322.5319886,0,0,0,101.3,25.0,0,0,0,0.0,0.0
1786868322.5811586,0,0,0,101.3,25.0,0,0,0,0.0,0.0
1786868322.631487,0,0,0,101.3,25.0,0,0,0,0.0,0.0
1786868322.6815896,0,0,0,101.3,25.0,0,0,0,0.0,0.0
1786868322.7314248,0,0,0,101.3,25.0,0,0,0,0.0,0.0
1786868322.7817717,0,0,0,101.3,25.0,0,0,0,0.0,0.0
1786868322.83199,0,0,0,101.3,25.0,0,0,0,0.0,0.0
1786868322.8810763,0,0,0,101.3,25.0,0,0,0,0.0,0.0
1786868322.9314213,0,0,0,101.3,25.0,0,0,0,0.0,0.0
1786868322.9811995,0,0,0,101.3,25.0,0,0,0,0.0,0.0
1786868323.0317733,0,0,0,101.3,25.0,0,0,0,0.0,0.0
1786868323.081102,0,0,0,101.3,25.0,0,0,0,0.0,0.0
1786868323.131606,0,0,0,101.3,25.0,0,0,0,0.0,0.0
1786868323.1808517,0,0,0,101.3,25.0,0,0,0,0.0,0.0
1786868323.2317631,0,0,0,101.3,25.0,0,0,0,0.0,0.0
1786868323.281461,0,0,0,101.3,25.0,0,0,0,0.0,0.0
1786868323.3315344,0,0,0,101.3,25.0,0,0,0,0.0,0.0
1786868323.3815217,0,0,0,101.3,25.0,0,0,0,0.0,0.0
1786868323.4317555,0,0,0,101.3,25.0,0,0,0,0.0,0.0
1786868323.481888,0,0,0,101.3,25.0,0,0,0,0.0,0.0
1786868323.5311496,0,0,0,101.3,25.0,0,0,0,0.0,0.0
1786868323.5818741,0,0,0,101.3,25.0,0,0,0,0.0,0.0
1786868323.63174,0,0,0,101.3,25.0,0,0,0,0.0,0.0
1786868323.6817644,0,0,0,101.3,25.0,0,0,0,0.0,0.0
1786868323.7315016,0,0,0,101.3,25.0,0,0,0,0.0,0.0
1786868323.7812343,0,0,0,101.3,25.0,0,0,0,0.0,0.0
1786868323.8315365,0,0,0,101.3,25.0,0,0,0,0.0,0.0
1786868323.8816435,0,0,0,101.3,25.0,0,0,0,0.0,0.0
1786868323.9318535,0,0,0,101.3,25.0,0,0,0,0.0,0.0
1786868323.9809537,0,0,0,101.3,25.0,0,0,0,0.0,0.0
1786868324.0318913,0,0,0,101.3,25.0,0,0,0,0.0,0.0
1786868324.0815742,0,0,0,101.3,25.0,0,0,0,0.0,0.0
1786868324.131967,0,0,0,101.3,25.0,0,0,0,0.0,0.0
1786868324.181221,0,0,0,101.3,25.0,0,0,0,0.0,0.0
1786868324.2314162,0,0,0,101.3,25.0,0,0,0,0.0,0.0
1786868324.2819111,0,0,0,101.3,25.0,0,0,0,0.0,0.0
1786868324.3314538,0,0,0,101.3,25.0,0,0,0,0.0,0.0
1786868324.3817506,0,0,0,101.3,25.0,0,0,0,0.0,0.0
1786868324.4317875,0,0,0,101.3,25.0,0,0,0,0.0,0.0
1786868324.4810534,0,0,0,101.3,25.0,0,0,0,0.0,0.0
1786868324.5313206,0,0,0,101.3,25.0,0,0,0,0.0,0.0
1786868324.5818315,0,0,0,101.3,25.0,0,0,0,0.0,0.0
1786868324.631062,0,0,0,101.3,25.0,0,0,0,0.0,0.0
1786868324.6812325,0,0,0,101.3,25.0,0,0,0,0.0,0.0
1786868324.7314055,0,0,0,101.3,25.0,0,0,0,0.0,0.0
1786868324.7818763,0,0,0,101.3,25.0,0,0,0,0.0,0.0
1786868324.8315492,0,0,0,101.3,25.0,0,0,0,0.0,0.0
1786868324.8815098,0,0,0,101.3,25.0,0,0,0,0.0,0.0
1786868324.931398,0,0,0,101.3,25.0,0,0,0,0.0,0.0
1786868324.9814396,0,0,0,101.3,25.0,0,0,0,0.0,0.0
1786868325.0315301,0,0,0,101.3,25.0,0,0,0,0.0,0.0
1786868325.081515,0,0,0,101.3,25.0,0,0,0,0.0,0.0
1786868325.1316962,0,0,0,101.3,25.0,0,0,0,0.0,0.0
1786868325.1817412,0,0,0,101.3,25.0,0,0,0,0.0,0.0
1786868325.231837,0,0,0,101.3,25.0,0,0,0,0.0,0.0
1786868325.281882,0,0,0,101.3,25.0,0,0,0,0.0,0.0
1786868325.3318026,0,0,0,101.3,25.0,0,0,0,0.0,0.0
1786868325.3818314,0,0,0,101.3,25.0,0,0,0,0.0,0.0
1786868325.431919,0,0,0,101.3,25.0,0,0,0,0.0,0.0
1786868325.4810696,0,0,0,101.3,25.0,0,0,0,0.0,0.0
1786868325.5311494,0,0,0,101.3,25.0,0,0,0,0.0,0.0
1786868325.5813942,0,0,0,101.3,25.0,0,0,0,0.0,0.0
1786868325.6316307,0,0,0,101.3,25.0,0,0,0,0.0,0.0
1786868325.6810079,0,0,0,101.3,25.0,0,0,0,0.0,0.0
1786868325.7313805,0,0,0,101.3,25.0,0,0,0,0.0,0.0
1786868325.7813742,0,0,0,101.3,25.0,0,0,0,0.0,0.0
1786868325.8310254,0,0,0,101.3,25.0,0,0,0,0.0,0.0
1786868325.8811417,0,0,0,101.3,25.0,0,0,0,0.0,0.0
1786868325.9310238,0,0,0,101.3,25.0,0,0,0,0.0,0.0
1786868325.981691,0,0,0,101.3,25.0,0,0,0,0.0,0.0
1786868326.0311391,0,0,0,101.3,25.0,0,0,0,0.0,0.0
1786868326.0816147,0,0,0,101.3,25.0,0,0,0,0.0,0.0
1786868326.1311054,0,0,0,101.3,25.0,0,0,0,0.0,0.0
1786868326.1812472,0,0,0,101.3,25.0,0,0,0,0.0,0.0
1786868326.2315872,0,0,0,101.3,25.0,0,0,0,0.0,0.0
1786868326.2814817,0,0,0,101.3,25.0,0,0,0,0.0,0.0
1786868326.3313088,0,0,0,101.3,25.0,0,0,0,0.0,0.0
1786868326.381799,0,0,0,101.3,25.0,0,0,0,0.0,0.0
1786868326.431922,0,0,0,101.3,25.0,0,0,0,0.0,0.0
1786868326.4816403,0,0,0,101.3,25.0,0,0,0,0.0,0.0
1786868326.531764,0,0,0,101.3,25.0,0,0,0,0.0,0.0
1786868326.581605,0,0,0,101.3,25.0,0,0,0,0.0,0.0
1786868326.6315298,0,0,0,101.3,25.0,0,0,0,0.0,0.0
1786868326.681339,0,0,0,101.3,25.0,0,0,0,0.0,0.0
1786868326.7313492,0,0,0,101.3,25.0,0,0,0,0.0,0.0
1786868326.7815304,0,0,0,101.3,25.0,0,0,0,0.0,0.0
1786868326.8312714,0,0,0,101.3,25.0,0,0,0,0.0,0.0
1786868326.8817067,0,0,0,101.3,25.0,0,0,0,0.0,0.0
1786868326.9318204,0,0,0,101.3,25.0,0,0,0,0.0,0.0
1786868326.9811838,0,0,0,101.3,25.0,0,0,0,0.0,0.0
1786868327.0319107,0,0,0,101.3,25.0,0,0,0,0.0,0.0
1786868327.0811834,0,0,0,101.3,25.0,0,0,0,0.0,0.0
1786868327.131615,0,0,0,101.3,25.0,0,0,0,0.0,0.0
1786868327.1815324,0,0,0,101.3,25.0,0,0,0,0.0,0.0
1786868327.2316136,0,0,0,101.3,25.0,0,0,0,0.0,0.0
1786868327.281948,0,0,0,101.3,25.0,0,0,0,0.0,0.0
1786868327.3313859,0,0,0,101.3,25.0,0,0,0,0.0,0.0
1786868327.3814735,0,0,0,101.3,25.0,0,0,0,0.0,0.0
1786868327.43183,0,0,0,101.3,25.0,0,0,0,0.0,0.0
1786868327.4814172,0,0,0,101.3,25.0,0,0,0,0.0,0.0
1786868327.5314848,0,0,0,101.3,25.0,0,0,0,0.0,0.0
1786868327.5814648,0,0,0,101.3,25.0,0,0,0,0.0,0.0
1786868327.631101,0,0,0,101.3,25.0,0,0,0,0.0,0.0
1786868327.6812766,0,0,0,101.3,25.0,0,0,0,0.0,0.0
1786868327.7317328,0,0,0,101.3,25.0,0,0,0,0.0,0.0
1786868327.7818017,0,0,0,101.3,25.0,0,0,0,0.0,0.0
1786868327.8313124,0,0,0,101.3,25.0,0,0,0,0.0,0.0
1786868327.8811438,0,0,0,101.3,25.0,0,0,0,0.0,0.0
1786868327.9318717,0,0,0,101.3,25.0,0,0,0,0.0,0.0
1786868327.9813967,0,0,0,101.3,25.0,0,0,0,0.0,0.0
1786868328.0319283,0,0,0,101.3,25.0,0,0,0,0.0,0.0
1786868328.081508,0,0,0,101.3,25.0,0,0,0,0.0,0.0
1786868328.1312065,0,0,0,101.3,25.0,0,0,0,0.0,0.0
1786868328.1818542,0,0,0,101.3,25.0,0,0,0,0.0,0.0
1786868328.2318697,0,0,0,101.3,25.0,0,0,0,0.0,0.0
1786868328.2811213,0,0,0,101.3,25.0,0,0,0,0.0,0.0
1786868328.3311303,0,0,0,101.3,25.0,0,0,0,0.0,0.0
1786868328.3816223,0,0,0,101.3,25.0,0,0,0,0.0,0.0
1786868328.4311755,0,0,0,101.3,25.0,0,0,0,0.0,0.0
1786868328.4819276,0,0,0,101.3,25.0,0,0,0,0.0,0.0
1786868328.531179,0,0,0,101.3,25.0,0,0,0,0.0,0.0
1786868328.5812654,0,0,0,101.3,25.0,0,0,0,0.0,0.0
1786868328.6315274,0,0,0,101.3,25.0,0,0,0,0.0,0.0
1786868328.6813123,0,0,0,101.3,25.0,0,0,0,0.0,0.0
1786868328.7319992,0,0,0,101.3,25.0,0,0,0,0.0,0.0
1786868328.7811663,0,0,0,101.3,25.0,0,0,0,0.0,0.0
1786868328.8318834,0,0,0,101.3,25.0,0,0,0,0.0,0.0
1786868328.8811038,0,0,0,101.3,25.0,0,0,0,0.0,0.0
1786868328.9312663,0,0,0,101.3,25.0,0,0,0,0.0,0.0
1786868328.9818187,0,0,0,101.3,25.0,0,0,0,0.0,0.0
1786868329.0312557,0,0,0,101.3,25.0,0,0,0,0.0,0.0
1786868329.081843,0,0,0,101.3,25.0,0,0,0,0.0,0.0
1786868329.131824,0,0,0,101.3,25.0,0,0,0,0.0,0.0
1786868329.180935,0,0,0,101.3,25.0,0,0,0,0.0,0.0
1786868329.2318468,0,0,0,101.3,25.0,0,0,0,0.0,0.0
1786868329.2811198,0,0,0,101.3,25.0,0,0,0,0.0,0.0
1786868329.3312593,0,0,0,101.3,25.0,0,0,0,0.0,0.0
1786868329.3815215,0,0,0,101.3,25.0,0,0,0,0.0,0.0
1786868329.4319267,0,0,0,101.3,25.0,0,0,0,0.0,0.0
1786868329.4816277,0,0,0,101.3,25.0,0,0,0,0.0,0.0
1786868329.5312552,0,0,0,101.3,25.0,0,0,0,0.0,0.0
1786868329.5812948,0,0,0,101.3,25.0,0,0,0,0.0,0.0
1786868329.631086,0,0,0,101.3,25.0,0,0,0,0.0,0.0
1786868329.6813502,0,0,0,101.3,25.0,0,0,0,0.0,0.0
1786868329.7314522,0,0,0,101.3,25.0,0,0,0,0.0,0.0
1786868329.781078,0,0,0,101.3,25.0,0,0,0,0.0,0.0
1786868329.831052,0,0,0,101.3,25.0,0,0,0,0.0,0.0
1786868329.8811107,0,0,0,101.3,25.0,0,0,0,0.0,0.0
1786868329.9313784,0,0,0,101.3,25.0,0,0,0,0.0,0.0
1786868329.981469,0,0,0,101.3,25.0,0,0,0,0.0,0.0
1786868330.0318072,0,0,0,101.3,25.0,0,0,0,0.0,0.0
1786868330.0811617,0,0,0,101.3,25.0,0,0,0,0.0,0.0
1786868330.1317286,0,0,0,101.3,25.0,0,0,0,0.0,0.0
1786868330.1818361,0,0,0,101.3,25.0,0,0,0,0.0,0.0
1786868330.231528,0,0,0,101.3,25.0,0,0,0,0.0,0.0
1786868330.2815173,0,0,0,101.3,25.0,0,0,0,0.0,0.0
1786868330.3315005,0,0,0,101.3,25.0,0,0,0,0.0,0.0
1786868330.3816364,0,0,0,101.3,25.0,0,0,0,0.0,0.0
1786868330.431031,0,0,0,101.3,25.0,0,0,0,0.0,0.0
1786868330.4811313,0,0,0,101.3,25.0,0,0,0,0.0,0.0
1786868330.5312872,0,0,0,101.3,25.0,0,0,0,0.0,0.0
1786868330.581214,0,0,0,101.3,25.0,0,0,0,0.0,0.0
1786868330.631639,0,0,0,101.3,25.0,0,0,0,0.0,0.0
1786868330.681842,0,0,0,101.3,25.0,0,0,0,0.0,0.0
1786868330.731319,0,0,0,101.3,25.0,0,0,0,0.0,0.0
1786868330.781099,0,0,0,101.3,25.0,0,0,0,0.0,0.0
1786868330.8313768,0,0,0,101.3,25.0,0,0,0,0.0,0.0
1786868330.8814845,0,0,0,101.3,25.0,0,0,0,0.0,0.0
1786868330.9316914,0,0,0,101.3,25.0,0,0,0,0.0,0.0
1786868330.9818573,0,0,0,101.3,25.0,0,0,0,0.0,0.0
1786868331.0319586,0,0,0,101.3,25.0,0,0,0,0.0,0.0
1786868331.081133,0,0,0,101.3,25.0,0,0,0,0.0,0.0
1786868331.131223,0,0,0,101.3,25.0,0,0,0,0.0,0.0
1786868331.1813545,0,0,0,101.3,25.0,0,0,0,0.0,0.0
1786868331.2317607,0,0,0,101.3,25.0,0,0,0,0.0,0.0
1786868331.2819734,0,0,0,101.3,25.0,0,0,0,0.0,0.0
1786868331.331488,0,0,0,101.3,25.0,0,0,0,0.0,0.0
1786868331.3814888,0,0,0,101.3,25.0,0,0,0,0.0,0.0
1786868331.4314537,0,0,0,101.3,25.0,0,0,0,0.0,0.0
1786868331.4815223,0,0,0,101.3,25.0,0,0,0,0.0,0.0
1786868331.5310729,0,0,0,101.3,25.0,0,0,0,0.0,0.0
1786868331.5814342,0,0,0,101.3,25.0,0,0,0,0.0,0.0
1786868331.6315215,0,0,0,101.3,25.0,0,0,0,0.0,0.0
1786868331.681804,0,0,0,101.3,25.0,0,0,0,0.0,0.0
1786868331.731936,0,0,0,101.3,25.0,0,0,0,0.0,0.0
1786868331.7811358,0,0,0,101.3,25.0,0,0,0,0.0,0.0
1786868331.8311095,0,0,0,101.3,25.0,0,0,0,0.0,0.0
1786868331.8813913,0,0,0,101.3,25.0,0,0,0,0.0,0.0
1786868331.9310987,0,0,0,101.3,25.0,0,0,0,0.0,0.0
1786868331.981061,0,0,0,101.3,25.0,0,0,0,0.0,0.0
1786868332.0310495,0,0,0,101.3,25.0,0,0,0,0.0,0.0
1786868332.0810378,0,0,0,101.3,25.0,0,0,0,0.0,0.0
1786868332.1315513,0,0,0,101.3,25.0,0,0,0,0.0,0.0
1786868332.1818154,0,0,0,101.3,25.0,0,0,0,0.0,0.0
1786868332.231315,0,0,0,101.3,25.0,0,0,0,0.0,0.0
1786868332.2815187,0,0,0,101.3,25.0,0,0,0,0.0,0.0
1786868332.331107,0,0,0,101.3,25.0,0,0,0,0.0,0.0
1786868332.3811672,0,0,0,101.3,25.0,0,0,0,0.0,0.0
1786868332.4319744,0,0,0,101.3,25.0,0,0,0,0.0,0.0
1786868332.4813313,0,0,0,101.3,25.0,0,0,0,0.0,0.0
1786868332.5318081,0,0,0,101.3,25.0,0,0,0,0.0,0.0
1786868332.5819297,0,0,0,101.3,25.0,0,0,0,0.0,0.0
1786868332.6311035,0,0,0,101.3,25.0,0,0,0,0.0,0.0
1786868332.6811903,0,0,0,101.3,25.0,0,0,0,0.0,0.0
1786868332.7313025,0,0,0,101.3,25.0,0,0,0,0.0,0.0
1786868332.78142,0,0,0,101.3,25.0,0,0,0,0.0,0.0
1786868332.8315392,0,0,0,101.3,25.0,0,0,0,0.0,0.0
1786868332.8818908,0,0,0,101.3,25.0,0,0,0,0.0,0.0
1786868332.931238,0,0,0,101.3,25.0,0,0,0,0.0,0.0
1786868332.9816399,0,0,0,101.3,25.0,0,0,0,0.0,0.0
1786868333.0317154,0,0,0,101.3,25.0,0,0,0,0.0,0.0
1786868333.0815725,0,0,0,101.3,25.0,0,0,0,0.0,0.0
1786868333.1314733,0,0,0,101.3,25.0,0,0,0,0.0,0.0
1786868333.18153,0,0,0,101.3,25.0,0,0,0,0.0,0.0
1786868333.2313015,0,0,0,101.3,25.0,0,0,0,0.0,0.0
1786868333.2809951,0,0,0,101.3,25.0,0,0,0,0.0,0.0
1786868333.3311749,0,0,0,101.3,25.0,0,0,0,0.0,0.0
1786868333.381317,0,0,0,101.3,25.0,0,0,0,0.0,0.0
1786868333.431346,0,0,0,101.3,25.0,0,0,0,0.0,0.0
1786868333.4817863,0,0,0,101.3,25.0,0,0,0,0.0,0.0
1786868333.531044,0,0,0,101.3,25.0,0,0,0,0.0,0.0
1786868333.5812352,0,0,0,101.3,25.0,0,0,0,0.0,0.0
1786868333.6313825,0,0,0,101.3,25.0,0,0,0,0.0,0.0
1786868333.681524,0,0,0,101.3,25.0,0,0,0,0.0,0.0
1786868333.7311122,0,0,0,101.3,25.0,0,0,0,0.0,0.0
1786868333.7814598,0,0,0,101.3,25.0,0,0,0,0.0,0.0
1786868333.831805,0,0,0,101.3,25.0,0,0,0,0.0,0.0
1786868333.8810768,0,0,0,101.3,25.0,0,0,0,0.0,0.0
1786868333.9310803,0,0,0,101.3,25.0,0,0,0,0.0,0.0
1786868333.9810317,0,0,0,101.3,25.0,0,0,0,0.0,0.0
1786868334.0314918,0,0,0,101.3,25.0,0,0,0,0.0,0.0
1786868334.0810916,0,0,0,101.3,25.0,0,0,0,0.0,0.0
1786868334.1317441,0,0,0,101.3,25.0,0,0,0,0.0,0.0
1786868334.1810668,0,0,0,101.3,25.0,0,0,0,0.0,0.0
1786868334.2315774,0,0,0,101.3,25.0,0,0,0,0.0,0.0
1786868334.281477,0,0,0,101.3,25.0,0,0,0,0.0,0.0
1786868334.3310294,0,0,0,101.3,25.0,0,0,0,0.0,0.0
1786868334.3815434,0,0,0,101.3,25.0,0,0,0,0.0,0.0
1786868334.4312227,0,0,0,101.3,25.0,0,0,0,0.0,0.0
1786868334.4815218,0,0,0,101.3,25.0,0,0,0,0.0,0.0
1786868334.5310738,0,0,0,101.3,25.0,0,0,0,0.0,0.0
1786868334.5816133,0,0,0,101.3,25.0,0,0,0,0.0,0.0
1786868334.6312308,0,0,0,101.3,25.0,0,0,0,0.0,0.0
1786868334.6819143,0,0,0,101.3,25.0,0,0,0,0.0,0.0
1786868334.7318394,0,0,0,101.3,25.0,0,0,0,0.0,0.0
1786868334.7810376,0,0,0,101.3,25.0,0,0,0,0.0,0.0
1786868334.8315113,0,0,0,101.3,25.0,0,0,0,0.0,0.0
1786868334.8811104,0,0,0,101.3,25.0,0,0,0,0.0,0.0
1786868334.9312277,0,0,0,101.3,25.0,0,0,0,0.0,0.0
1786868334.9815094,0,0,0,101.3,25.0,0,0,0,0.0,0.0
1786868335.0316477,0,0,0,101.3,25.0,0,0,0,0.0,0.0
1786868335.081795,0,0,0,101.3,25.0,0,0,0,0.0,0.0
1786868335.1317015,0,0,0,101.3,25.0,0,0,0,0.0,0.0
1786868335.181871,0,0,0,101.3,25.0,0,0,0,0.0,0.0
1786868335.2313025,0,0,0,101.3,25.0,0,0,0,0.0,0.0
1786868335.2814596,0,0,0,101.3,25.0,0,0,0,0.0,0.0
1786868335.3315558,0,0,0,101.3,25.0,0,0,0,0.0,0.0
1786868335.381581,0,0,0,101.3,25.0,0,0,0,0.0,0.0
1786868335.431641,0,0,0,101.3,25.0,0,0,0,0.0,0.0
1786868335.4818046,0,0,0,101.3,25.0,0,0,0,0.0,0.0
1786868335.5318809,0,0,0,101.3,25.0,0,0,0,0.0,0.0
1786868335.5815876,0,0,0,101.3,25.0,0,0,0,0.0,0.0
1786868335.6317961,0,0,0,101.3,25.0,0,0,0,0.0,0.0
1786868335.6810951,0,0,0,101.3,25.0,0,0,0,0.0,0.0
1786868335.7311034,0,0,0,101.3,25.0,0,0,0,0.0,0.0
1786868335.780974,0,0,0,101.3,25.0,0,0,0,0.0,0.0
1786868335.8315063,0,0,0,101.3,25.0,0,0,0,0.0,0.0
1786868335.8816376,0,0,0,101.3,25.0,0,0,0,0.0,0.0
1786868335.9311192,0,0,0,101.3,25.0,0,0,0,0.0,0.0
1786868335.9811532,0,0,0,101.3,25.0,0,0,0,0.0,0.0
1786868336.0312185,0,0,0,101.3,25.0,0,0,0,0.0,0.0
1786868336.0812044,0,0,0,101.3,25.0,0,0,0,0.0,0.0
1786868336.1312535,0,0,0,101.3,25.0,0,0,0,0.0,0.0
1786868336.1812932,0,0,0,101.3,25.0,0,0,0,0.0,0.0
1786868336.2309747,0,0,0,101.3,25.0,0,0,0,0.0,0.0
1786868336.2811096,0,0,0,101.3,25.0,0,0,0,0.0,0.0
1786868336.3312802,0,0,0,101.3,25.0,0,0,0,0.0,0.0
1786868336.381739,0,0,0,101.3,25.0,0,0,0,0.0,0.0
1786868336.431316,0,0,0,101.3,25.0,0,0,0,0.0,0.0
1786868336.481343,0,0,0,101.3,25.0,0,0,0,0.0,0.0
1786868336.5312526,0,0,0,101.3,25.0,0,0,0,0.0,0.0
1786868336.5813053,0,0,0,101.3,25.0,0,0,0,0.0,0.0
1786868336.6315613,0,0,0,101.3,25.0,0,0,0,0.0,0.0
1786868336.681081,0,0,0,101.3,25.0,0,0,0,0.0,0.0
1786868336.7316132,0,0,0,101.3,25.0,0,0,0,0.0,0.0
1786868336.7815986,0,0,0,101.3,25.0,0,0,0,0.0,0.0
1786868336.8311183,0,0,0,101.3,25.0,0,0,0,0.0,0.0
1786868336.8814518,0,0,0,101.3,25.0,0,0,0,0.0,0.0
1786868336.9312353,0,0,0,101.3,25.0,0,0,0,0.0,0.0
1786868336.9812918,0,0,0,101.3,25.0,0,0,0,0.0,0.0
1786868337.03181,0,0,0,101.3,25.0,0,0,0,0.0,0.0
1786868337.0813818,0,0,0,101.3,25.0,0,0,0,0.0,0.0
1786868337.1318858,0,0,0,101.3,25.0,0,0,0,0.0,0.0
1786868337.1814592,0,0,0,101.3,25.0,0,0,0,0.0,0.0
1786868337.2310908,0,0,0,101.3,25.0,0,0,0,0.0,0.0
1786868337.281183,0,0,0,101.3,25.0,0,0,0,0.0,0.0
1786868337.3318052,0,0,0,101.3,25.0,0,0,0,0.0,0.0
1786868337.3809395,0,0,0,101.3,25.0,0,0,0,0.0,0.0
1786868337.4317741,0,0,0,101.3,25.0,0,0,0,0.0,0.0
1786868337.4817634,0,0,0,101.3,25.0,0,0,0,0.0,0.0
1786868337.5314121,0,0,0,101.3,25.0,0,0,0,0.0,0.0
1786868337.5814743,0,0,0,101.3,25.0,0,0,0,0.0,0.0
1786868337.631142,0,0,0,101.3,25.0,0,0,0,0.0,0.0
1786868337.6817338,0,0,0,101.3,25.0,0,0,0,0.0,0.0
1786868337.7317042,0,0,0,101.3,25.0,0,0,0,0.0,0.0
1786868337.781523,0,0,0,101.3,25.0,0,0,0,0.0,0.0
1786868337.8311138,0,0,0,101.3,25.0,0,0,0,0.0,0.0
1786868337.8812,0,0,0,101.3,25.0,0,0,0,0.0,0.0
1786868337.9315403,0,0,0,101.3,25.0,0,0,0,0.0,0.0
1786868337.9811614,0,0,0,101.3,25.0,0,0,0,0.0,0.0
1786868338.0313857,0,0,0,101.3,25.0,0,0,0,0.0,0.0
1786868338.0812743,0,0,0,101.3,25.0,0,0,0,0.0,0.0
1786868338.1312804,0,0,0,101.3,25.0,0,0,0,0.0,0.0
1786868338.1814604,0,0,0,101.3,25.0,0,0,0,0.0,0.0
1786868338.2317529,0,0,0,101.3,25.0,0,0,0,0.0,0.0
1786868338.281545,0,0,0,101.3,25.0,0,0,0,0.0,0.0
1786868338.3319745,0,0,0,101.3,25.0,0,0,0,0.0,0.0
1786868338.380949,0,0,0,101.3,25.0,0,0,0,0.0,0.0
1786868338.431291,0,0,0,101.3,25.0,0,0,0,0.0,0.0
1786868338.481323,0,0,0,101.3,25.0,0,0,0,0.0,0.0
1786868338.5319393,0,0,0,101.3,25.0,0,0,0,0.0,0.0
1786868338.58194,0,0,0,101.3,25.0,0,0,0,0.0,0.0
1786868338.6318254,0,0,0,101.3,25.0,0,0,0,0.0,0.0
1786868338.6812408,0,0,0,101.3,25.0,0,0,0,0.0,0.0
1786868338.7313004,0,0,0,101.3,25.0,0,0,0,0.0,0.0
1786868338.7814372,0,0,0,101.3,25.0,0,0,0,0.0,0.0
1786868338.831932,0,0,0,101.3,25.0,0,0,0,0.0,0.0
1786868338.881337,0,0,0,101.3,25.0,0,0,0,0.0,0.0
1786868338.9311707,0,0,0,101.3,25.0,0,0,0,0.0,0.0
1786868338.9813273,0,0,0,101.3,25.0,0,0,0,0.0,0.0
1786868339.0315547,0,0,0,101.3,25.0,0,0,0,0.0,0.0
1786868339.0816414,0,0,0,101.3,25.0,0,0,0,0.0,0.0
1786868339.1315181,0,0,0,101.3,25.0,0,0,0,0.0,0.0
1786868339.1811814,0,0,0,101.3,25.0,0,0,0,0.0,0.0
1786868339.231922,0,0,0,101.3,25.0,0,0,0,0.0,0.0
1786868339.281927,0,0,0,101.3,25.0,0,0,0,0.0,0.0
1786868339.33129,0,0,0,101.3,25.0,0,0,0,0.0,0.0
1786868339.3811743,0,0,0,101.3,25.0,0,0,0,0.0,0.0
1786868339.4311235,0,0,0,101.3,25.0,0,0,0,0.0,0.0
1786868339.4819727,0,0,0,101.3,25.0,0,0,0,0.0,0.0
1786868339.5310764,0,0,0,101.3,25.0,0,0,0,0.0,0.0
1786868339.5812976,0,0,0,101.3,25.0,0,0,0,0.0,0.0
1786868339.6315308,0,0,0,101.3,25.0,0,0,0,0.0,0.0
1786868339.6817658,0,0,0,101.3,25.0,0,0,0,0.0,0.0
1786868339.7319016,0,0,0,101.3,25.0,0,0,0,0.0,0.0
1786868339.781477,0,0,0,101.3,25.0,0,0,0,0.0,0.0
1786868339.8318033,0,0,0,101.3,25.0,0,0,0,0.0,0.0
1786868339.881082,0,0,0,101.3,25.0,0,0,0,0.0,0.0
1786868339.931366,0,0,0,101.3,25.0,0,0,0,0.0,0.0
1786868339.9813466,0,0,0,101.3,25.0,0,0,0,0.0,0.0
1786868340.031632,0,0,0,101.3,25.0,0,0,0,0.0,0.0
1786868340.0811481,0,0,0,101.3,25.0,0,0,0,0.0,0.0
1786868340.1315436,0,0,0,101.3,25.0,0,0,0,0.0,0.0
1786868340.1816545,0,0,0,101.3,25.0,0,0,0,0.0,0.0
1786868340.2315183,0,0,0,101.3,25.0,0,0,0,0.0,0.0
1786868340.2813914,0,0,0,101.3,25.0,0,0,0,0.0,0.0
1786868340.3310516,0,0,0,101.3,25.0,0,0,0,0.0,0.0
1786868340.3817718,0,0,0,101.3,25.0,0,0,0,0.0,0.0
1786868340.4313192,0,0,0,101.3,25.0,0,0,0,0.0,0.0
1786868340.481221,0,0,0,101.3,25.0,0,0,0,0.0,0.0
1786868340.5314236,0,0,0,101.3,25.0,0,0,0,0.0,0.0
1786868340.5812666,0,0,0,101.3,25.0,0,0,0,0.0,0.0
1786868340.6317346,0,0,0,101.3,25.0,0,0,0,0.0,0.0
1786868340.6815124,0,0,0,101.3,25.0,0,0,0,0.0,0.0
1786868340.731623,0,0,0,101.3,25.0,0,0,0,0.0,0.0
1786868340.7819414,0,0,0,101.3,25.0,0,0,0,0.0,0.0
1786868340.8311303,0,0,0,101.3,25.0,0,0,0,0.0,0.0
1786868340.8811715,0,0,0,101.3,25.0,0,0,0,0.0,0.0
1786868340.9315083,0,0,0,101.3,25.0,0,0,0,0.0,0.0
1786868340.9813075,0,0,0,101.3,25.0,0,0,0,0.0,0.0
1786868341.0311823,0,0,0,101.3,25.0,0,0,0,0.0,0.0
1786868341.0812008,0,0,0,101.3,25.0,0,0,0,0.0,0.0
1786868341.131302,0,0,0,101.3,25.0,0,0,0,0.0,0.0
1786868341.1812303,0,0,0,101.3,25.0,0,0,0,0.0,0.0
1786868341.2314641,0,0,0,101.3,25.0,0,0,0,0.0,0.0
1786868341.281068,0,0,0,101.3,25.0,0,0,0,0.0,0.0
1786868341.3318038,0,0,0,101.3,25.0,0,0,0,0.0,0.0
1786868341.3818438,0,0,0,101.3,25.0,0,0,0,0.0,0.0
1786868341.4317684,0,0,0,101.3,25.0,0,0,0,0.0,0.0
1786868341.4815998,0,0,0,101.3,25.0,0,0,0,0.0,0.0
1786868341.531638,0,0,0,101.3,25.0,0,0,0,0.0,0.0
1786868341.5819292,0,0,0,101.3,25.0,0,0,0,0.0,0.0
1786868341.631058,0,0,0,101.3,25.0,0,0,0,0.0,0.0
1786868341.6813004,0,0,0,101.3,25.0,0,0,0,0.0,0.0
1786868341.7317588,0,0,0,101.3,25.0,0,0,0,0.0,0.0
1786868341.7817726,0,0,0,101.3,25.0,0,0,0,0.0,0.0
1786868341.8314993,0,0,0,101.3,25.0,0,0,0,0.0,0.0
1786868341.8814578,0,0,0,101.3,25.0,0,0,0,0.0,0.0
1786868341.931396,0,0,0,101.3,25.0,0,0,0,0.0,0.0
1786868341.981626,0,0,0,101.3,25.0,0,0,0,0.0,0.0
1786868342.0317628,0,0,0,101.3,25.0,0,0,0,0.0,0.0
1786868342.0817754,0,0,0,101.3,25.0,0,0,0,0.0,0.0
1786868342.1311734,0,0,0,101.3,25.0,0,0,0,0.0,0.0
1786868342.1813006,0,0,0,101.3,25.0,0,0,0,0.0,0.0
1786868342.2318697,0,0,0,101.3,25.0,0,0,0,0.0,0.0
1786868342.2808595,0,0,0,101.3,25.0,0,0,0,0.0,0.0
1786868342.3313026,0,0,0,101.3,25.0,0,0,0,0.0,0.0
1786868342.381634,0,0,0,101.3,25.0,0,0,0,0.0,0.0
1786868342.4310129,0,0,0,101.3,25.0,0,0,0,0.0,0.0
1786868342.4810634,0,0,0,101.3,25.0,0,0,0,0.0,0.0
1786868342.5319545,0,0,0,101.3,25.0,0,0,0,0.0,0.0
1786868342.5812006,0,0,0,101.3,25.0,0,0,0,0.0,0.0
1786868342.6311114,0,0,0,101.3,25.0,0,0,0,0.0,0.0
1786868342.6812875,0,0,0,101.3,25.0,0,0,0,0.0,0.0
1786868342.7313738,0,0,0,101.3,25.0,0,0,0,0.0,0.0
1786868342.7812405,0,0,0,101.3,25.0,0,0,0,0.0,0.0
1786868342.83162,0,0,0,101.3,25.0,0,0,0,0.0,0.0
1786868342.8816345,0,0,0,101.3,25.0,0,0,0,0.0,0.0
1786868342.9313178,0,0,0,101.3,25.0,0,0,0,0.0,0.0
1786868342.981622,0,0,0,101.3,25.0,0,0,0,0.0,0.0
1786868343.0319545,0,0,0,101.3,25.0,0,0,0,0.0,0.0
1786868343.0813634,0,0,0,101.3,25.0,0,0,0,0.0,0.0
1786868343.131319,0,0,0,101.3,25.0,0,0,0,0.0,0.0
1786868343.1816015,0,0,0,101.3,25.0,0,0,0,0.0,0.0
1786868343.2317705,0,0,0,101.3,25.0,0,0,0,0.0,0.0
1786868343.2818942,0,0,0,101.3,25.0,0,0,0,0.0,0.0
1786868343.3315504,0,0,0,101.3,25.0,0,0,0,0.0,0.0
1786868343.381651,0,0,0,101.3,25.0,0,0,0,0.0,0.0
1786868343.431844,0,0,0,101.3,25.0,0,0,0,0.0,0.0
1786868343.481963,0,0,0,101.3,25.0,0,0,0,0.0,0.0
1786868343.5310986,0,0,0,101.3,25.0,0,0,0,0.0,0.0
1786868343.5812793,0,0,0,101.3,25.0,0,0,0,0.0,0.0
1786868343.6315703,0,0,0,101.3,25.0,0,0,0,0.0,0.0
1786868343.681649,0,0,0,101.3,25.0,0,0,0,0.0,0.0
1786868343.731799,0,0,0,101.3,25.0,0,0,0,0.0,0.0
1786868343.78173,0,0,0,101.3,25.0,0,0,0,0.0,0.0
1786868343.8317327,0,0,0,101.3,25.0,0,0,0,0.0,0.0
1786868343.8818362,0,0,0,101.3,25.0,0,0,0,0.0,0.0
1786868343.9312377,0,0,0,101.3,25.0,0,0,0,0.0,0.0
1786868343.9812646,0,0,0,101.3,25.0,0,0,0,0.0,0.0
1786868344.0317762,0,0,0,101.3,25.0,0,0,0,0.0,0.0
1786868344.0819306,0,0,0,101.3,25.0,0,0,0,0.0,0.0
1786868344.1316395,0,0,0,101.3,25.0,0,0,0,0.0,0.0
1786868344.1815207,0,0,0,101.3,25.0,0,0,0,0.0,0.0
1786868344.231873,0,0,0,101.3,25.0,0,0,0,0.0,0.0
1786868344.2810614,0,0,0,101.3,25.0,0,0,0,0.0,0.0
1786868344.3317099,0,0,0,101.3,25.0,0,0,0,0.0,0.0
1786868344.3809738,0,0,0,101.3,25.0,0,0,0,0.0,0.0
1786868344.4317074,0,0,0,101.3,25.0,0,0,0,0.0,0.0
1786868344.4815302,0,0,0,101.3,25.0,0,0,0,0.0,0.0
1786868344.5311615,0,0,0,101.3,25.0,0,0,0,0.0,0.0
1786868344.5813086,0,0,0,101.3,25.0,0,0,0,0.0,0.0
1786868344.6314905,0,0,0,101.3,25.0,0,0,0,0.0,0.0
1786868344.681712,0,0,0,101.3,25.0,0,0,0,0.0,0.0
1786868344.7313945,0,0,0,101.3,25.0,0,0,0,0.0,0.0
1786868344.7812152,0,0,0,101.3,25.0,0,0,0,0.0,0.0
1786868344.8313465,0,0,0,101.3,25.0,0,0,0,0.0,0.0
1786868344.881586,0,0,0,101.3,25.0,0,0,0,0.0,0.0
1786868344.9317245,0,0,0,101.3,25.0,0,0,0,0.0,0.0
1786868344.9818504,0,0,0,101.3,25.0,0,0,0,0.0,0.0
1786868345.0317698,0,0,0,101.3,25.0,0,0,0,0.0,0.0
1786868345.0818987,0,0,0,101.3,25.0,0,0,0,0.0,0.0
1786868345.1311119,0,0,0,101.3,25.0,0,0,0,0.0,0.0
1786868345.18118,0,0,0,101.3,25.0,0,0,0,0.0,0.0
1786868345.231797,0,0,0,101.3,25.0,0,0,0,0.0,0.0
1786868345.2810233,0,0,0,101.3,25.0,0,0,0,0.0,0.0
1786868345.3310559,0,0,0,101.3,25.0,0,0,0,0.0,0.0
1786868345.3813016,0,0,0,101.3,25.0,0,0,0,0.0,0.0
1786868345.4316456,0,0,0,101.3,25.0,0,0,0,0.0,0.0
1786868345.4817772,0,0,0,101.3,25.0,0,0,0,0.0,0.0
1786868345.5317097,0,0,0,101.3,25.0,0,0,0,0.0,0.0
1786868345.5816193,0,0,0,101.3,25.0,0,0,0,0.0,0.0
1786868345.6313114,0,0,0,101.3,25.0,0,0,0,0.0,0.0
1786868345.681248,0,0,0,101.3,25.0,0,0,0,0.0,0.0
1786868345.731349,0,0,0,101.3,25.0,0,0,0,0.0,0.0
1786868345.7813225,0,0,0,101.3,25.0,0,0,0,0.0,0.0
1786868345.8314927,0,0,0,101.3,25.0,0,0,0,0.0,0.0
1786868345.8815768,0,0,0,101.3,25.0,0,0,0,0.0,0.0
1786868345.9317763,0,0,0,101.3,25.0,0,0,0,0.0,0.0
1786868345.9812036,0,0,0,101.3,25.0,0,0,0,0.0,0.0
1786868346.0311239,0,0,0,101.3,25.0,0,0,0,0.0,0.0
1786868346.081207,0,0,0,101.3,25.0,0,0,0,0.0,0.0
1786868346.1313663,0,0,0,101.3,25.0,0,0,0,0.0,0.0
1786868346.181185,0,0,0,101.3,25.0,0,0,0,0.0,0.0
1786868346.2318153,0,0,0,101.3,25.0,0,0,0,0.0,0.0
1786868346.2810514,0,0,0,101.3,25.0,0,0,0,0.0,0.0
1786868346.3317137,0,0,0,101.3,25.0,0,0,0,0.0,0.0
1786868346.3815253,0,0,0,101.3,25.0,0,0,0,0.0,0.0
1786868346.431058,0,0,0,101.3,25.0,0,0,0,0.0,0.0
1786868346.4817116,0,0,0,101.3,25.0,0,0,0,0.0,0.0
1786868346.5315118,0,0,0,101.3,25.0,0,0,0,0.0,0.0
1786868346.5819433,0,0,0,101.3,25.0,0,0,0,0.0,0.0
1786868346.6312692,0,0,0,101.3,25.0,0,0,0,0.0,0.0
1786868346.681622,0,0,0,101.3,25.0,0,0,0,0.0,0.0
1786868346.7314026,0,0,0,101.3,25.0,0,0,0,0.0,0.0
1786868346.7815487,0,0,0,101.3,25.0,0,0,0,0.0,0.0
1786868346.8317275,0,0,0,101.3,25.0,0,0,0,0.0,0.0
1786868346.8818707,0,0,0,101.3,25.0,0,0,0,0.0,0.0
1786868346.9312081,0,0,0,101.3,25.0,0,0,0,0.0,0.0
1786868346.9812758,0,0,0,101.3,25.0,0,0,0,0.0,0.0
1786868347.0318713,0,0,0,101.3,25.0,0,0,0,0.0,0.0
1786868347.0811684,0,0,0,101.3,25.0,0,0,0,0.0,0.0
1786868347.1312454,0,0,0,101.3,25.0,0,0,0,0.0,0.0
1786868347.1812363,0,0,0,101.3,25.0,0,0,0,0.0,0.0
1786868347.2310097,0,0,0,101.3,25.0,0,0,0,0.0,0.0
1786868347.281198,0,0,0,101.3,25.0,0,0,0,0.0,0.0
1786868347.331369,0,0,0,101.3,25.0,0,0,0,0.0,0.0
1786868347.381572,0,0,0,101.3,25.0,0,0,0,0.0,0.0
1786868347.4316149,0,0,0,101.3,25.0,0,0,0,0.0,0.0
1786868347.4817588,0,0,0,101.3,25.0,0,0,0,0.0,0.0
1786868347.5318034,0,0,0,101.3,25.0,0,0,0,0.0,0.0
1786868347.5817895,0,0,0,101.3,25.0,0,0,0,0.0,0.0
1786868347.6311946,0,0,0,101.3,25.0,0,0,0,0.0,0.0
1786868347.6815374,0,0,0,101.3,25.0,0,0,0,0.0,0.0
1786868347.7315233,0,0,0,101.3,25.0,0,0,0,0.0,0.0
1786868347.781658,0,0,0,101.3,25.0,0,0,0,0.0,0.0
1786868347.831636,0,0,0,101.3,25.0,0,0,0,0.0,0.0
1786868347.8817985,0,0,0,101.3,25.0,0,0,0,0.0,0.0
1786868347.931117,0,0,0,101.3,25.0,0,0,0,0.0,0.0
1786868347.9812942,0,0,0,101.3,25.0,0,0,0,0.0,0.0
1786868348.0315852,0,0,0,101.3,25.0,0,0,0,0.0,0.0
1786868348.0819335,0,0,0,101.3,25.0,0,0,0,0.0,0.0
1786868348.1318495,0,0,0,101.3,25.0,0,0,0,0.0,0.0
1786868348.1812706,0,0,0,101.3,25.0,0,0,0,0.0,0.0
1786868348.2313397,0,0,0,101.3,25.0,0,0,0,0.0,0.0
1786868348.2817404,0,0,0,101.3,25.0,0,0,0,0.0,0.0
1786868348.3314807,0,0,0,101.3,25.0,0,0,0,0.0,0.0
1786868348.381023,0,0,0,101.3,25.0,0,0,0,0.0,0.0
1786868348.4312294,0,0,0,101.3,25.0,0,0,0,0.0,0.0
1786868348.4815624,0,0,0,101.3,25.0,0,0,0,0.0,0.0
1786868348.531841,0,0,0,101.3,25.0,0,0,0,0.0,0.0
1786868348.581347,0,0,0,101.3,25.0,0,0,0,0.0,0.0
1786868348.6314695,0,0,0,101.3,25.0,0,0,0,0.0,0.0
1786868348.682616,0,0,0,101.3,25.0,0,0,0,0.0,0.0
1786868348.7311208,0,0,0,101.3,25.0,0,0,0,0.0,0.0
1786868348.7810345,0,0,0,101.3,25.0,0,0,0,0.0,0.0
1786868348.8318636,0,0,0,101.3,25.0,0,0,0,0.0,0.0
1786868348.881074,0,0,0,101.3,25.0,0,0,0,0.0,0.0
1786868348.93156,0,0,0,101.3,25.0,0,0,0,0.0,0.0
1786868348.9818764,0,0,0,101.3,25.0,0,0,0,0.0,0.0
1786868349.0311735,0,0,0,101.3,25.0,0,0,0,0.0,0.0
1786868349.0814514,0,0,0,101.3,25.0,0,0,0,0.0,0.0
1786868349.1319132,0,0,0,101.3,25.0,0,0,0,0.0,0.0
1786868349.181924,0,0,0,101.3,25.0,0,0,0,0.0,0.0
1786868349.2317975,0,0,0,101.3,25.0,0,0,0,0.0,0.0
1786868349.2812703,0,0,0,101.3,25.0,0,0,0,0.0,0.0
1786868349.3312182,0,0,0,101.3,25.0,0,0,0,0.0,0.0
1786868349.381577,0,0,0,101.3,25.0,0,0,0,0.0,0.0
1786868349.43187,0,0,0,101.3,25.0,0,0,0,0.0,0.0
1786868349.4819632,0,0,0,101.3,25.0,0,0,0,0.0,0.0
1786868349.5310526,0,0,0,101.3,25.0,0,0,0,0.0,0.0
1786868349.5812187,0,0,0,101.3,25.0,0,0,0,0.0,0.0
1786868349.6316226,0,0,0,101.3,25.0,0,0,0,0.0,0.0
1786868349.681795,0,0,0,101.3,25.0,0,0,0,0.0,0.0
1786868349.7317665,0,0,0,101.3,25.0,0,0,0,0.0,0.0
1786868349.781041,0,0,0,101.3,25.0,0,0,0,0.0,0.0
1786868349.8313208,0,0,0,101.3,25.0,0,0,0,0.0,0.0
1786868349.8810287,0,0,0,101.3,25.0,0,0,0,0.0,0.0
1786868349.9311802,0,0,0,101.3,25.0,0,0,0,0.0,0.0
1786868349.9818597,0,0,0,101.3,25.0,0,0,0,0.0,0.0
1786868350.031874,0,0,0,101.3,25.0,0,0,0,0.0,0.0
1786868350.0818133,0,0,0,101.3,25.0,0,0,0,0.0,0.0
1786868350.1316335,0,0,0,101.3,25.0,0,0,0,0.0,0.0
1786868350.1815834,0,0,0,101.3,25.0,0,0,0,0.0,0.0
1786868350.2319176,0,0,0,101.3,25.0,0,0,0,0.0,0.0
1786868350.281459,0,0,0,101.3,25.0,0,0,0,0.0,0.0
1786868350.3315973,0,0,0,101.3,25.0,0,0,0,0.0,0.0
1786868350.3808787,0,0,0,101.3,25.0,0,0,0,0.0,0.0
1786868350.4316587,0,0,0,101.3,25.0,0,0,0,0.0,0.0
1786868350.4815748,0,0,0,101.3,25.0,0,0,0,0.0,0.0
1786868350.5332847,0,0,0,101.3,25.0,0,0,0,0.0,0.0
1786868350.5832484,0,0,0,101.3,25.0,0,0,0,0.0,0.0
1786868350.6312551,0,0,0,101.3,25.0,0,0,0,0.0,0.0
1786868350.6815758,0,0,0,101.3,25.0,0,0,0,0.0,0.0
1786868350.731202,0,0,0,101.3,25.0,0,0,0,0.0,0.0
1786868350.7818584,0,0,0,101.3,25.0,0,0,0,0.0,0.0
1786868350.831923,0,0,0,101.3,25.0,0,0,0,0.0,0.0
1786868350.8814087,0,0,0,101.3,25.0,0,0,0,0.0,0.0
1786868350.9318922,0,0,0,101.3,25.0,0,0,0,0.0,0.0
1786868350.9810822,0,0,0,101.3,25.0,0,0,0,0.0,0.0
1786868351.0311124,0,0,0,101.3,25.0,0,0,0,0.0,0.0
1786868351.0810232,0,0,0,101.3,25.0,0,0,0,0.0,0.0
1786868351.1314454,0,0,0,101.3,25.0,0,0,0,0.0,0.0
1786868351.181778,0,0,0,101.3,25.0,0,0,0,0.0,0.0
1786868351.2318928,0,0,0,101.3,25.0,0,0,0,0.0,0.0
1786868351.2813334,0,0,0,101.3,25.0,0,0,0,0.0,0.0
1786868351.3314865,0,0,0,101.3,25.0,0,0,0,0.0,0.0
1786868351.3815916,0,0,0,101.3,25.0,0,0,0,0.0,0.0
1786868351.4318266,0,0,0,101.3,25.0,0,0,0,0.0,0.0
1786868351.4819157,0,0,0,101.3,25.0,0,0,0,0.0,0.0
1786868351.531207,0,0,0,101.3,25.0,0,0,0,0.0,0.0
1786868351.5813785,0,0,0,101.3,25.0,0,0,0,0.0,0.0
1786868351.63146,0,0,0,101.3,25.0,0,0,0,0.0,0.0
1786868351.6818342,0,0,0,101.3,25.0,0,0,0,0.0,0.0
1786868351.7318718,0,0,0,101.3,25.0,0,0,0,0.0,0.0
1786868351.7818096,0,0,0,101.3,25.0,0,0,0,0.0,0.0
1786868351.8317788,0,0,0,101.3,25.0,0,0,0,0.0,0.0
1786868351.8814914,0,0,0,101.3,25.0,0,0,0,0.0,0.0
1786868351.9316454,0,0,0,101.3,25.0,0,0,0,0.0,0.0
1786868351.9811418,0,0,0,101.3,25.0,0,0,0,0.0,0.0
1786868352.03133,0,0,0,101.3,25.0,0,0,0,0.0,0.0
1786868352.0816202,0,0,0,101.3,25.0,0,0,0,0.0,0.0
1786868352.1319413,0,0,0,101.3,25.0,0,0,0,0.0,0.0
1786868352.1812286,0,0,0,101.3,25.0,0,0,0,0.0,0.0
1786868352.2314935,0,0,0,101.3,25.0,0,0,0,0.0,0.0
1786868352.2819285,0,0,0,101.3,25.0,0,0,0,0.0,0.0
1786868352.331104,0,0,0,101.3,25.0,0,0,0,0.0,0.0
1786868352.3814957,0,0,0,101.3,25.0,0,0,0,0.0,0.0
1786868352.431769,0,0,0,101.3,25.0,0,0,0,0.0,0.0
1786868352.4813333,0,0,0,101.3,25.0,0,0,0,0.0,0.0
1786868352.531615,0,0,0,101.3,25.0,0,0,0,0.0,0.0
1786868352.5809855,0,0,0,101.3,25.0,0,0,0,0.0,0.0
1786868352.631189,0,0,0,101.3,25.0,0,0,0,0.0,0.0
1786868352.681881,0,0,0,101.3,25.0,0,0,0,0.0,0.0
1786868352.7318702,0,0,0,101.3,25.0,0,0,0,0.0,0.0
1786868352.7817118,0,0,0,101.3,25.0,0,0,0,0.0,0.0
1786868352.8317082,0,0,0,101.3,25.0,0,0,0,0.0,0.0
1786868352.8815777,0,0,0,101.3,25.0,0,0,0,0.0,0.0
1786868352.9310572,0,0,0,101.3,25.0,0,0,0,0.0,0.0
1786868352.9812047,0,0,0,101.3,25.0,0,0,0,0.0,0.0
1786868353.031535,0,0,0,101.3,25.0,0,0,0,0.0,0.0
1786868353.0819087,0,0,0,101.3,25.0,0,0,0,0.0,0.0
1786868353.131011,0,0,0,101.3,25.0,0,0,0,0.0,0.0
1786868353.1812458,0,0,0,101.3,25.0,0,0,0,0.0,0.0
1786868353.2315793,0,0,0,101.3,25.0,0,0,0,0.0,0.0
1786868353.281803,0,0,0,101.3,25.0,0,0,0,0.0,0.0
1786868353.3309853,0,0,0,101.3,25.0,0,0,0,0.0,0.0
1786868353.3811653,0,0,0,101.3,25.0,0,0,0,0.0,0.0
1786868353.431402,0,0,0,101.3,25.0,0,0,0,0.0,0.0
1786868353.4815278,0,0,0,101.3,25.0,0,0,0,0.0,0.0
1786868353.5315459,0,0,0,101.3,25.0,0,0,0,0.0,0.0
1786868353.581583,0,0,0,101.3,25.0,0,0,0,0.0,0.0
1786868353.6315756,0,0,0,101.3,25.0,0,0,0,0.0,0.0
1786868353.6819432,0,0,0,101.3,25.0,0,0,0,0.0,0.0
1786868353.7316346,0,0,0,101.3,25.0,0,0,0,0.0,0.0
1786868353.781805,0,0,0,101.3,25.0,0,0,0,0.0,0.0
1786868353.831915,0,0,0,101.3,25.0,0,0,0,0.0,0.0
1786868353.881262,0,0,0,101.3,25.0,0,0,0,0.0,0.0
1786868353.930915,0,0,0,101.3,25.0,0,0,0,0.0,0.0
1786868353.9814477,0,0,0,101.3,25.0,0,0,0,0.0,0.0
1786868354.031019,0,0,0,101.3,25.0,0,0,0,0.0,0.0
1786868354.0811353,0,0,0,101.3,25.0,0,0,0,0.0,0.0
1786868354.1317906,0,0,0,101.3,25.0,0,0,0,0.0,0.0
1786868354.1818268,0,0,0,101.3,25.0,0,0,0,0.0,0.0
1786868354.2319553,0,0,0,101.3,25.0,0,0,0,0.0,0.0
1786868354.2810555,0,0,0,101.3,25.0,0,0,0,0.0,0.0
1786868354.3313067,0,0,0,101.3,25.0,0,0,0,0.0,0.0
1786868354.381131,0,0,0,101.3,25.0,0,0,0,0.0,0.0
1786868354.4315014,0,0,0,101.3,25.0,0,0,0,0.0,0.0
1786868354.4816358,0,0,0,101.3,25.0,0,0,0,0.0,0.0
1786868354.53104,0,0,0,101.3,25.0,0,0,0,0.0,0.0
1786868354.5811486,0,0,0,101.3,25.0,0,0,0,0.0,0.0
1786868354.631943,0,0,0,101.3,25.0,0,0,0,0.0,0.0
1786868354.6811533,0,0,0,101.3,25.0,0,0,0,0.0,0.0
1786868354.7311046,0,0,0,101.3,25.0,0,0,0,0.0,0.0
1786868354.7815511,0,0,0,101.3,25.0,0,0,0,0.0,0.0
1786868354.8316605,0,0,0,101.3,25.0,0,0,0,0.0,0.0
1786868354.8817494,0,0,0,101.3,25.0,0,0,0,0.0,0.0
1786868354.93186,0,0,0,101.3,25.0,0,0,0,0.0,0.0
1786868354.980972,0,0,0,101.3,25.0,0,0,0,0.0,0.0
1786868355.0312452,0,0,0,101.3,25.0,0,0,0,0.0,0.0
1786868355.0816896,0,0,0,101.3,25.0,0,0,0,0.0,0.0
1786868355.1317554,0,0,0,101.3,25.0,0,0,0,0.0,0.0
1786868355.1812027,0,0,0,101.3,25.0,0,0,0,0.0,0.0
1786868355.2313964,0,0,0,101.3,25.0,0,0,0,0.0,0.0
1786868355.281806,0,0,0,101.3,25.0,0,0,0,0.0,0.0
1786868355.3310826,0,0,0,101.3,25.0,0,0,0,0.0,0.0
1786868355.3811748,0,0,0,101.3,25.0,0,0,0,0.0,0.0
1786868355.4312897,0,0,0,101.3,25.0,0,0,0,0.0,0.0
1786868355.481396,0,0,0,101.3,25.0,0,0,0,0.0,0.0
1786868355.5317292,0,0,0,101.3,25.0,0,0,0,0.0,0.0
1786868355.5810556,0,0,0,101.3,25.0,0,0,0,0.0,0.0
1786868355.6311536,0,0,0,101.3,25.0,0,0,0,0.0,0.0
1786868355.6813452,0,0,0,101.3,25.0,0,0,0,0.0,0.0
1786868355.7314825,0,0,0,101.3,25.0,0,0,0,0.0,0.0
1786868355.7811282,0,0,0,101.3,25.0,0,0,0,0.0,0.0
1786868355.831841,0,0,0,101.3,25.0,0,0,0,0.0,0.0
1786868355.8814955,0,0,0,101.3,25.0,0,0,0,0.0,0.0
1786868355.9552507,0,0,0,101.3,25.0,0,0,0,0.0,0.0
1786868355.9811156,0,0,0,101.3,25.0,0,0,0,0.0,0.0
1786868356.0318995,0,0,0,101.3,25.0,0,0,0,0.0,0.0
1786868356.107205,0,0,0,101.3,25.0,0,0,0,0.0,0.0
1786868356.1312335,0,0,0,101.3,25.0,0,0,0,0.0,0.0
1786868356.1818783,0,0,0,101.3,25.0,0,0,0,0.0,0.0
1786868356.2314045,0,0,0,101.3,25.0,0,0,0,0.0,0.0
1786868357.1322334,0,0,0,101.3,25.0,0,0,0,0.0,0.0
1786868357.1808856,0,0,0,101.3,25.0,0,0,0,0.0,0.0
1786868357.230983,0,0,0,101.3,25.0,0,0,0,0.0,0.0
1786868357.2817698,0,0,0,101.3,25.0,0,0,0,0.0,0.0
1786868357.3311183,0,0,0,101.3,25.0,0,0,0,0.0,0.0
1786868357.3811445,0,0,0,101.3,25.0,0,0,0,0.0,0.0
1786868357.4313366,0,0,0,101.3,25.0,0,0,0,0.0,0.0
1786868357.4813478,0,0,0,101.3,25.0,0,0,0,0.0,0.0
1786868357.5310147,0,0,0,101.3,25.0,0,0,0,0.0,0.0
1786868357.5808992,0,0,0,101.3,25.0,0,0,0,0.0,0.0
1786868357.6318834,0,0,0,101.3,25.0,0,0,0,0.0,0.0
1786868357.6810114,0,0,0,101.3,25.0,0,0,0,0.0,0.0
1786868357.7312555,0,0,0,101.3,25.0,0,0,0,0.0,0.0
1786868357.7816446,0,0,0,101.3,25.0,0,0,0,0.0,0.0
1786868357.8314655,0,0,0,101.3,25.0,0,0,0,0.0,0.0
1786868357.88139,0,0,0,101.3,25.0,0,0,0,0.0,0.0
1786868357.9318187,0,0,0,101.3,25.0,0,0,0,0.0,0.0
1786868357.982047,0,0,0,101.3,25.0,0,0,0,0.0,0.0
1786868358.0315044,0,0,0,101.3,25.0,0,0,0,0.0,0.0
1786868358.0816169,0,0,0,101.3,25.0,0,0,0,0.0,0.0
1786868358.13112,0,0,0,101.3,25.0,0,0,0,0.0,0.0
1786868358.181257,0,0,0,101.3,25.0,0,0,0,0.0,0.0
1786868358.231854,0,0,0,101.3,25.0,0,0,0,0.0,0.0
1786868358.281,0,0,0,101.3,25.0,0,0,0,0.0,0.0
1786868358.3313684,0,0,0,101.3,25.0,0,0,0,0.0,0.0
1786868358.3813639,0,0,0,101.3,25.0,0,0,0,0.0,0.0
1786868358.4319038,0,0,0,101.3,25.0,0,0,0,0.0,0.0
1786868358.4814425,0,0,0,101.3,25.0,0,0,0,0.0,0.0
1786868358.531443,0,0,0,101.3,25.0,0,0,0,0.0,0.0
1786868358.582,0,0,0,101.3,25.0,0,0,0,0.0,0.0
1786868358.6313095,0,0,0,101.3,25.0,0,0,0,0.0,0.0
1786868358.6816459,0,0,0,101.3,25.0,0,0,0,0.0,0.0
1786868358.7314222,0,0,0,101.3,25.0,0,0,0,0.0,0.0
1786868358.7816546,0,0,0,101.3,25.0,0,0,0,0.0,0.0
1786868358.8314085,0,0,0,101.3,25.0,0,0,0,0.0,0.0
1786868358.881489,0,0,0,101.3,25.0,0,0,0,0.0,0.0
1786868358.9314706,0,0,0,101.3,25.0,0,0,0,0.0,0.0
1786868358.9813097,0,0,0,101.3,25.0,0,0,0,0.0,0.0
1786868359.0317776,0,0,0,101.3,25.0,0,0,0,0.0,0.0
1786868359.0811434,0,0,0,101.3,25.0,0,0,0,0.0,0.0
1786868359.131729,0,0,0,101.3,25.0,0,0,0,0.0,0.0
1786868359.1814857,0,0,0,101.3,25.0,0,0,0,0.0,0.0
1786868359.2315888,0,0,0,101.3,25.0,0,0,0,0.0,0.0
1786868359.28162,0,0,0,101.3,25.0,0,0,0,0.0,0.0
1786868359.3314717,0,0,0,101.3,25.0,0,0,0,0.0,0.0
1786868359.381637,0,0,0,101.3,25.0,0,0,0,0.0,0.0
1786868359.431218,0,0,0,101.3,25.0,0,0,0,0.0,0.0
1786868359.4815829,0,0,0,101.3,25.0,0,0,0,0.0,0.0
1786868359.531882,0,0,0,101.3,25.0,0,0,0,0.0,0.0
1786868359.5813882,0,0,0,101.3,25.0,0,0,0,0.0,0.0
1786868359.631559,0,0,0,101.3,25.0,0,0,0,0.0,0.0
1786868359.681968,0,0,0,101.3,25.0,0,0,0,0.0,0.0
1786868359.7314048,0,0,0,101.3,25.0,0,0,0,0.0,0.0
1786868359.7818222,0,0,0,101.3,25.0,0,0,0,0.0,0.0
1786868359.8313193,0,0,0,101.3,25.0,0,0,0,0.0,0.0
1786868359.8815212,0,0,0,101.3,25.0,0,0,0,0.0,0.0
1786868359.930983,0,0,0,101.3,25.0,0,0,0,0.0,0.0
1786868359.981784,0,0,0,101.3,25.0,0,0,0,0.0,0.0
1786868360.0314677,0,0,0,101.3,25.0,0,0,0,0.0,0.0
1786868360.081137,0,0,0,101.3,25.0,0,0,0,0.0,0.0
1786868360.131644,0,0,0,101.3,25.0,0,0,0,0.0,0.0
1786868360.1809318,0,0,0,101.3,25.0,0,0,0,0.0,0.0
1786868360.2311404,0,0,0,101.3,25.0,0,0,0,0.0,0.0
1786868360.2816105,0,0,0,101.3,25.0,0,0,0,0.0,0.0
1786868360.3316882,0,0,0,101.3,25.0,0,0,0,0.0,0.0
1786868360.3813565,0,0,0,101.3,25.0,0,0,0,0.0,0.0
1786868360.4316123,0,0,0,101.3,25.0,0,0,0,0.0,0.0
1786868360.4809353,0,0,0,101.3,25.0,0,0,0,0.0,0.0
1786868360.5314128,0,0,0,101.3,25.0,0,0,0,0.0,0.0
1786868360.5819907,0,0,0,101.3,25.0,0,0,0,0.0,0.0
1786868360.6310391,0,0,0,101.3,25.0,0,0,0,0.0,0.0
1786868360.681872,0,0,0,101.3,25.0,0,0,0,0.0,0.0
1786868360.730961,0,0,0,101.3,25.0,0,0,0,0.0,0.0
1786868360.7811213,0,0,0,101.3,25.0,0,0,0,0.0,0.0
1786868360.8319488,0,0,0,101.3,25.0,0,0,0,0.0,0.0
1786868360.8813202,0,0,0,101.3,25.0,0,0,0,0.0,0.0
1786868360.931513,0,0,0,101.3,25.0,0,0,0,0.0,0.0
1786868360.9818342,0,0,0,101.3,25.0,0,0,0,0.0,0.0
1786868361.0319345,0,0,0,101.3,25.0,0,0,0,0.0,0.0
1786868361.115933,0,0,0,101.3,25.0,0,0,0,0.0,0.0
1786868361.1311765,0,0,0,101.3,25.0,0,0,0,0.0,0.0
1786868361.1811373,0,0,0,101.3,25.0,0,0,0,0.0,0.0
1786868361.2319818,0,0,0,101.3,25.0,0,0,0,0.0,0.0
1786868361.2818265,0,0,0,101.3,25.0,0,0,0,0.0,0.0
1786868361.3310246,0,0,0,101.3,25.0,0,0,0,0.0,0.0
1786868361.3813536,0,0,0,101.3,25.0,0,0,0,0.0,0.0
1786868361.4315455,0,0,0,101.3,25.0,0,0,0,0.0,0.0
1786868361.4817698,0,0,0,101.3,25.0,0,0,0,0.0,0.0
1786868361.5310266,0,0,0,101.3,25.0,0,0,0,0.0,0.0
1786868361.5812178,0,0,0,101.3,25.0,0,0,0,0.0,0.0
1786868361.631566,0,0,0,101.3,25.0,0,0,0,0.0,0.0
1786868361.68191,0,0,0,101.3,25.0,0,0,0,0.0,0.0
1786868361.7315261,0,0,0,101.3,25.0,0,0,0,0.0,0.0
1786868361.7816489,0,0,0,101.3,25.0,0,0,0,0.0,0.0
1786868361.831957,0,0,0,101.3,25.0,0,0,0,0.0,0.0
1786868361.8810434,0,0,0,101.3,25.0,0,0,0,0.0,0.0
1786868361.9313767,0,0,0,101.3,25.0,0,0,0,0.0,0.0
1786868361.9818525,0,0,0,101.3,25.0,0,0,0,0.0,0.0
1786868362.031542,0,0,0,101.3,25.0,0,0,0,0.0,0.0
1786868362.081342,0,0,0,101.3,25.0,0,0,0,0.0,0.0
1786868362.1314247,0,0,0,101.3,25.0,0,0,0,0.0,0.0
1786868362.181565,0,0,0,101.3,25.0,0,0,0,0.0,0.0
1786868362.2317245,0,0,0,101.3,25.0,0,0,0,0.0,0.0
1786868362.2814162,0,0,0,101.3,25.0,0,0,0,0.0,0.0
1786868362.3317523,0,0,0,101.3,25.0,0,0,0,0.0,0.0
1786868362.3819373,0,0,0,101.3,25.0,0,0,0,0.0,0.0
1786868362.4319956,0,0,0,101.3,25.0,0,0,0,0.0,0.0
1786868362.4814444,0,0,0,101.3,25.0,0,0,0,0.0,0.0
1786868362.531935,0,0,0,101.3,25.0,0,0,0,0.0,0.0
1786868362.581394,0,0,0,101.3,25.0,0,0,0,0.0,0.0
1786868362.631394,0,0,0,101.3,25.0,0,0,0,0.0,0.0
1786868362.6812408,0,0,0,101.3,25.0,0,0,0,0.0,0.0
1786868362.7312772,0,0,0,101.3,25.0,0,0,0,0.0,0.0
1786868362.7814238,0,0,0,101.3,25.0,0,0,0,0.0,0.0
1786868362.8314052,0,0,0,101.3,25.0,0,0,0,0.0,0.0
1786868362.8818812,0,0,0,101.3,25.0,0,0,0,0.0,0.0
1786868362.9318783,0,0,0,101.3,25.0,0,0,0,0.0,0.0
1786868362.9810867,0,0,0,101.3,25.0,0,0,0,0.0,0.0
1786868363.0312502,0,0,0,101.3,25.0,0,0,0,0.0,0.0
1786868363.0812407,0,0,0,101.3,25.0,0,0,0,0.0,0.0
1786868363.131211,0,0,0,101.3,25.0,0,0,0,0.0,0.0
1786868363.1816947,0,0,0,101.3,25.0,0,0,0,0.0,0.0
1786868363.231352,0,0,0,101.3,25.0,0,0,0,0.0,0.0
1786868363.2818763,0,0,0,101.3,25.0,0,0,0,0.0,0.0
1786868363.3308406,0,0,0,101.3,25.0,0,0,0,0.0,0.0
1786868363.3817909,0,0,0,101.3,25.0,0,0,0,0.0,0.0
1786868363.4313338,0,0,0,101.3,25.0,0,0,0,0.0,0.0
1786868363.4810543,0,0,0,101.3,25.0,0,0,0,0.0,0.0
1786868363.5311708,0,0,0,101.3,25.0,0,0,0,0.0,0.0
1786868363.5813699,0,0,0,101.3,25.0,0,0,0,0.0,0.0
1786868363.6314545,0,0,0,101.3,25.0,0,0,0,0.0,0.0
1786868363.681687,0,0,0,101.3,25.0,0,0,0,0.0,0.0
1786868363.7315829,0,0,0,101.3,25.0,0,0,0,0.0,0.0
1786868363.7811725,0,0,0,101.3,25.0,0,0,0,0.0,0.0
1786868363.8310382,0,0,0,101.3,25.0,0,0,0,0.0,0.0
1786868363.8817449,0,0,0,101.3,25.0,0,0,0,0.0,0.0
1786868363.9316278,0,0,0,101.3,25.0,0,0,0,0.0,0.0
1786868363.981622,0,0,0,101.3,25.0,0,0,0,0.0,0.0
1786868364.0318553,0,0,0,101.3,25.0,0,0,0,0.0,0.0
1786868364.08103,0,0,0,101.3,25.0,0,0,0,0.0,0.0
1786868364.130981,0,0,0,101.3,25.0,0,0,0,0.0,0.0
1786868364.1813698,0,0,0,101.3,25.0,0,0,0,0.0,0.0
1786868364.2311745,0,0,0,101.3,25.0,0,0,0,0.0,0.0
1786868364.281864,0,0,0,101.3,25.0,0,0,0,0.0,0.0
1786868364.3312612,0,0,0,101.3,25.0,0,0,0,0.0,0.0
1786868364.381895,0,0,0,101.3,25.0,0,0,0,0.0,0.0
1786868364.4318714,0,0,0,101.3,25.0,0,0,0,0.0,0.0
1786868364.4818406,0,0,0,101.3,25.0,0,0,0,0.0,0.0
1786868364.5317454,0,0,0,101.3,25.0,0,0,0,0.0,0.0
1786868364.5812056,0,0,0,101.3,25.0,0,0,0,0.0,0.0
1786868364.6311216,0,0,0,101.3,25.0,0,0,0,0.0,0.0
1786868364.6818676,0,0,0,101.3,25.0,0,0,0,0.0,0.0
1786868364.7318687,0,0,0,101.3,25.0,0,0,0,0.0,0.0
1786868364.7815464,0,0,0,101.3,25.0,0,0,0,0.0,0.0
1786868364.8316963,0,0,0,101.3,25.0,0,0,0,0.0,0.0
1786868364.881327,0,0,0,101.3,25.0,0,0,0,0.0,0.0
1786868364.931284,0,0,0,101.3,25.0,0,0,0,0.0,0.0
1786868364.9816976,0,0,0,101.3,25.0,0,0,0,0.0,0.0
1786868365.0315087,0,0,0,101.3,25.0,0,0,0,0.0,0.0
1786868365.081493,0,0,0,101.3,25.0,0,0,0,0.0,0.0
1786868365.1316519,0,0,0,101.3,25.0,0,0,0,0.0,0.0
1786868365.1812596,0,0,0,101.3,25.0,0,0,0,0.0,0.0
1786868365.2312875,0,0,0,101.3,25.0,0,0,0,0.0,0.0
1786868365.2816007,0,0,0,101.3,25.0,0,0,0,0.0,0.0
1786868365.3318796,0,0,0,101.3,25.0,0,0,0,0.0,0.0
1786868365.381524,0,0,0,101.3,25.0,0,0,0,0.0,0.0
1786868365.431035,0,0,0,101.3,25.0,0,0,0,0.0,0.0
1786868365.4812527,0,0,0,101.3,25.0,0,0,0,0.0,0.0
1786868365.5315754,0,0,0,101.3,25.0,0,0,0,0.0,0.0
1786868365.5817187,0,0,0,101.3,25.0,0,0,0,0.0,0.0
1786868365.6312058,0,0,0,101.3,25.0,0,0,0,0.0,0.0
1786868365.681824,0,0,0,101.3,25.0,0,0,0,0.0,0.0
1786868365.7319117,0,0,0,101.3,25.0,0,0,0,0.0,0.0
1786868365.7815418,0,0,0,101.3,25.0,0,0,0,0.0,0.0
1786868365.8313282,0,0,0,101.3,25.0,0,0,0,0.0,0.0
1786868365.881042,0,0,0,101.3,25.0,0,0,0,0.0,0.0
1786868365.932044,0,0,0,101.3,25.0,0,0,0,0.0,0.0
1786868365.9808419,0,0,0,101.3,25.0,0,0,0,0.0,0.0
1786868366.0313494,0,0,0,101.3,25.0,0,0,0,0.0,0.0
1786868366.0815423,0,0,0,101.3,25.0,0,0,0,0.0,0.0
1786868366.1311321,0,0,0,101.3,25.0,0,0,0,0.0,0.0
1786868366.18129,0,0,0,101.3,25.0,0,0,0,0.0,0.0
1786868366.231458,0,0,0,101.3,25.0,0,0,0,0.0,0.0
1786868366.2816494,0,0,0,101.3,25.0,0,0,0,0.0,0.0
1786868366.3315117,0,0,0,101.3,25.0,0,0,0,0.0,0.0
1786868366.381791,0,0,0,101.3,25.0,0,0,0,0.0,0.0
1786868366.431095,0,0,0,101.3,25.0,0,0,0,0.0,0.0
1786868366.481104,0,0,0,101.3,25.0,0,0,0,0.0,0.0
1786868366.5311465,0,0,0,101.3,25.0,0,0,0,0.0,0.0
1786868366.5815659,0,0,0,101.3,25.0,0,0,0,0.0,0.0
1786868366.6317947,0,0,0,101.3,25.0,0,0,0,0.0,0.0
1786868366.6815252,0,0,0,101.3,25.0,0,0,0,0.0,0.0
1786868366.7309682,0,0,0,101.3,25.0,0,0,0,0.0,0.0
1786868366.7819233,0,0,0,101.3,25.0,0,0,0,0.0,0.0
1786868366.83125,0,0,0,101.3,25.0,0,0,0,0.0,0.0
1786868366.8817642,0,0,0,101.3,25.0,0,0,0,0.0,0.0
1786868366.9318533,0,0,0,101.3,25.0,0,0,0,0.0,0.0
1786868366.9818425,0,0,0,101.3,25.0,0,0,0,0.0,0.0
1786868367.0318823,0,0,0,101.3,25.0,0,0,0,0.0,0.0
1786868367.0811732,0,0,0,101.3,25.0,0,0,0,0.0,0.0
1786868367.1317143,0,0,0,101.3,25.0,0,0,0,0.0,0.0
1786868367.1814077,0,0,0,101.3,25.0,0,0,0,0.0,0.0
1786868367.2309484,0,0,0,101.3,25.0,0,0,0,0.0,0.0
1786868367.2812502,0,0,0,101.3,25.0,0,0,0,0.0,0.0
1786868367.3316545,0,0,0,101.3,25.0,0,0,0,0.0,0.0
1786868367.380898,0,0,0,101.3,25.0,0,0,0,0.0,0.0
1786868367.4316235,0,0,0,101.3,25.0,0,0,0,0.0,0.0
1786868367.4811783,0,0,0,101.3,25.0,0,0,0,0.0,0.0
1786868367.5318277,0,0,0,101.3,25.0,0,0,0,0.0,0.0
1786868367.5810566,0,0,0,101.3,25.0,0,0,0,0.0,0.0
1786868367.6315067,0,0,0,101.3,25.0,0,0,0,0.0,0.0
1786868367.6815853,0,0,0,101.3,25.0,0,0,0,0.0,0.0
1786868367.7312825,0,0,0,101.3,25.0,0,0,0,0.0,0.0
1786868367.7814736,0,0,0,101.3,25.0,0,0,0,0.0,0.0
1786868367.831264,0,0,0,101.3,25.0,0,0,0,0.0,0.0
1786868367.881446,0,0,0,101.3,25.0,0,0,0,0.0,0.0
1786868367.9313204,0,0,0,101.3,25.0,0,0,0,0.0,0.0
1786868367.9813688,0,0,0,101.3,25.0,0,0,0,0.0,0.0
1786868368.031629,0,0,0,101.3,25.0,0,0,0,0.0,0.0
1786868368.0818765,0,0,0,101.3,25.0,0,0,0,0.0,0.0
1786868368.1313725,0,0,0,101.3,25.0,0,0,0,0.0,0.0
1786868368.1815212,0,0,0,101.3,25.0,0,0,0,0.0,0.0
1786868368.2312438,0,0,0,101.3,25.0,0,0,0,0.0,0.0
1786868368.2819006,0,0,0,101.3,25.0,0,0,0,0.0,0.0
1786868368.3317187,0,0,0,101.3,25.0,0,0,0,0.0,0.0
1786868368.3813176,0,0,0,101.3,25.0,0,0,0,0.0,0.0
1786868368.4308352,0,0,0,101.3,25.0,0,0,0,0.0,0.0
1786868368.481055,0,0,0,101.3,25.0,0,0,0,0.0,0.0
1786868368.531459,0,0,0,101.3,25.0,0,0,0,0.0,0.0
1786868368.5818412,0,0,0,101.3,25.0,0,0,0,0.0,0.0
1786868368.6316335,0,0,0,101.3,25.0,0,0,0,0.0,0.0
1786868368.6817951,0,0,0,101.3,25.0,0,0,0,0.0,0.0
1786868368.7309988,0,0,0,101.3,25.0,0,0,0,0.0,0.0
1786868368.7813349,0,0,0,101.3,25.0,0,0,0,0.0,0.0
1786868368.8315244,0,0,0,101.3,25.0,0,0,0,0.0,0.0
1786868368.881477,0,0,0,101.3,25.0,0,0,0,0.0,0.0
1786868368.931793,0,0,0,101.3,25.0,0,0,0,0.0,0.0
1786868368.9811351,0,0,0,101.3,25.0,0,0,0,0.0,0.0
1786868369.0317998,0,0,0,101.3,25.0,0,0,0,0.0,0.0
1786868369.0817943,0,0,0,101.3,25.0,0,0,0,0.0,0.0
1786868369.1309323,0,0,0,101.3,25.0,0,0,0,0.0,0.0
1786868369.181856,0,0,0,101.3,25.0,0,0,0,0.0,0.0
1786868369.2313201,0,0,0,101.3,25.0,0,0,0,0.0,0.0
1786868369.2810686,0,0,0,101.3,25.0,0,0,0,0.0,0.0
1786868369.3316395,0,0,0,101.3,25.0,0,0,0,0.0,0.0
1786868369.381224,0,0,0,101.3,25.0,0,0,0,0.0,0.0
1786868369.4315062,0,0,0,101.3,25.0,0,0,0,0.0,0.0
1786868369.4818218,0,0,0,101.3,25.0,0,0,0,0.0,0.0
1786868369.5314639,0,0,0,101.3,25.0,0,0,0,0.0,0.0
1786868369.5817287,0,0,0,101.3,25.0,0,0,0,0.0,0.0
1786868369.6310527,0,0,0,101.3,25.0,0,0,0,0.0,0.0
1786868369.681576,0,0,0,101.3,25.0,0,0,0,0.0,0.0
1786868369.7314258,0,0,0,101.3,25.0,0,0,0,0.0,0.0
1786868369.7817993,0,0,0,101.3,25.0,0,0,0,0.0,0.0
1786868369.831981,0,0,0,101.3,25.0,0,0,0,0.0,0.0
1786868369.8818135,0,0,0,101.3,25.0,0,0,0,0.0,0.0
1786868369.9315057,0,0,0,101.3,25.0,0,0,0,0.0,0.0
1786868369.981109,0,0,0,101.3,25.0,0,0,0,0.0,0.0
1786868370.0312138,0,0,0,101.3,25.0,0,0,0,0.0,0.0
1786868370.0819402,0,0,0,101.3,25.0,0,0,0,0.0,0.0
1786868370.13154,0,0,0,101.3,25.0,0,0,0,0.0,0.0
1786868370.181521,0,0,0,101.3,25.0,0,0,0,0.0,0.0
1786868370.2317624,0,0,0,101.3,25.0,0,0,0,0.0,0.0
1786868370.281209,0,0,0,101.3,25.0,0,0,0,0.0,0.0
1786868370.3311672,0,0,0,101.3,25.0,0,0,0,0.0,0.0
1786868370.381817,0,0,0,101.3,25.0,0,0,0,0.0,0.0
1786868370.4317873,0,0,0,101.3,25.0,0,0,0,0.0,0.0
1786868370.4811878,0,0,0,101.3,25.0,0,0,0,0.0,0.0
1786868370.5315094,0,0,0,101.3,25.0,0,0,0,0.0,0.0
1786868370.5814128,0,0,0,101.3,25.0,0,0,0,0.0,0.0
1786868370.6317205,0,0,0,101.3,25.0,0,0,0,0.0,0.0
1786868370.6810784,0,0,0,101.3,25.0,0,0,0,0.0,0.0
1786868370.7312553,0,0,0,101.3,25.0,0,0,0,0.0,0.0
1786868370.7811897,0,0,0,101.3,25.0,0,0,0,0.0,0.0
1786868370.8310826,0,0,0,101.3,25.0,0,0,0,0.0,0.0
1786868370.881636,0,0,0,101.3,25.0,0,0,0,0.0,0.0
1786868370.9311419,0,0,0,101.3,25.0,0,0,0,0.0,0.0
1786868370.9815478,0,0,0,101.3,25.0,0,0,0,0.0,0.0
1786868371.0314708,0,0,0,101.3,25.0,0,0,0,0.0,0.0
1786868371.0813992,0,0,0,101.3,25.0,0,0,0,0.0,0.0
1786868371.1311471,0,0,0,101.3,25.0,0,0,0,0.0,0.0
1786868371.181083,0,0,0,101.3,25.0,0,0,0,0.0,0.0
1786868371.2312427,0,0,0,101.3,25.0,0,0,0,0.0,0.0
1786868371.2814772,0,0,0,101.3,25.0,0,0,0,0.0,0.0
1786868371.331473,0,0,0,101.3,25.0,0,0,0,0.0,0.0
1786868371.3812203,0,0,0,101.3,25.0,0,0,0,0.0,0.0
1786868371.4311051,0,0,0,101.3,25.0,0,0,0,0.0,0.0
1786868371.4812713,0,0,0,101.3,25.0,0,0,0,0.0,0.0
1786868371.5315304,0,0,0,101.3,25.0,0,0,0,0.0,0.0
1786868371.5815287,0,0,0,101.3,25.0,0,0,0,0.0,0.0
1786868371.6310368,0,0,0,101.3,25.0,0,0,0,0.0,0.0
1786868371.6812336,0,0,0,101.3,25.0,0,0,0,0.0,0.0
1786868371.7315207,0,0,0,101.3,25.0,0,0,0,0.0,0.0
1786868371.781803,0,0,0,101.3,25.0,0,0,0,0.0,0.0
1786868371.831034,0,0,0,101.3,25.0,0,0,0,0.0,0.0
1786868371.8813107,0,0,0,101.3,25.0,0,0,0,0.0,0.0
1786868371.9310768,0,0,0,101.3,25.0,0,0,0,0.0,0.0
1786868371.9812176,0,0,0,101.3,25.0,0,0,0,0.0,0.0
1786868372.0318608,0,0,0,101.3,25.0,0,0,0,0.0,0.0
1786868372.0813022,0,0,0,101.3,25.0,0,0,0,0.0,0.0
1786868372.131303,0,0,0,101.3,25.0,0,0,0,0.0,0.0
1786868372.1811352,0,0,0,101.3,25.0,0,0,0,0.0,0.0
1786868372.2313633,0,0,0,101.3,25.0,0,0,0,0.0,0.0
1786868372.2811522,0,0,0,101.3,25.0,0,0,0,0.0,0.0
1786868372.3310084,0,0,0,101.3,25.0,0,0,0,0.0,0.0
1786868372.381327,0,0,0,101.3,25.0,0,0,0,0.0,0.0
1786868372.4314852,0,0,0,101.3,25.0,0,0,0,0.0,0.0
1786868372.4819477,0,0,0,101.3,25.0,0,0,0,0.0,0.0
1786868372.5317624,0,0,0,101.3,25.0,0,0,0,0.0,0.0
1786868372.5816379,0,0,0,101.3,25.0,0,0,0,0.0,0.0
1786868372.6310651,0,0,0,101.3,25.0,0,0,0,0.0,0.0
1786868372.6816108,0,0,0,101.3,25.0,0,0,0,0.0,0.0
1786868372.7318904,0,0,0,101.3,25.0,0,0,0,0.0,0.0
1786868372.7819753,0,0,0,101.3,25.0,0,0,0,0.0,0.0
1786868372.8310893,0,0,0,101.3,25.0,0,0,0,0.0,0.0
1786868372.8813696,0,0,0,101.3,25.0,0,0,0,0.0,0.0
1786868372.931657,0,0,0,101.3,25.0,0,0,0,0.0,0.0
1786868372.981656,0,0,0,101.3,25.0,0,0,0,0.0,0.0
1786868373.0319002,0,0,0,101.3,25.0,0,0,0,0.0,0.0
1786868373.0812027,0,0,0,101.3,25.0,0,0,0,0.0,0.0
1786868373.1312866,0,0,0,101.3,25.0,0,0,0,0.0,0.0
1786868373.1818483,0,0,0,101.3,25.0,0,0,0,0.0,0.0
1786868373.2309592,0,0,0,101.3,25.0,0,0,0,0.0,0.0
1786868373.2815626,0,0,0,101.3,25.0,0,0,0,0.0,0.0
1786868373.3318255,0,0,0,101.3,25.0,0,0,0,0.0,0.0
1786868373.3816602,0,0,0,101.3,25.0,0,0,0,0.0,0.0
1786868373.4308748,0,0,0,101.3,25.0,0,0,0,0.0,0.0
1786868373.4809558,0,0,0,101.3,25.0,0,0,0,0.0,0.0
1786868373.531733,0,0,0,101.3,25.0,0,0,0,0.0,0.0
1786868373.58141,0,0,0,101.3,25.0,0,0,0,0.0,0.0
1786868373.6312187,0,0,0,101.3,25.0,0,0,0,0.0,0.0
1786868373.6812003,0,0,0,101.3,25.0,0,0,0,0.0,0.0
1786868373.7312493,0,0,0,101.3,25.0,0,0,0,0.0,0.0
1786868373.7812746,0,0,0,101.3,25.0,0,0,0,0.0,0.0
1786868373.8314252,0,0,0,101.3,25.0,0,0,0,0.0,0.0
1786868373.8818738,0,0,0,101.3,25.0,0,0,0,0.0,0.0
1786868373.93103,0,0,0,101.3,25.0,0,0,0,0.0,0.0
1786868373.9816566,0,0,0,101.3,25.0,0,0,0,0.0,0.0
1786868374.0313215,0,0,0,101.3,25.0,0,0,0,0.0,0.0
1786868374.081541,0,0,0,101.3,25.0,0,0,0,0.0,0.0
1786868374.1312866,0,0,0,101.3,25.0,0,0,0,0.0,0.0
1786868374.1810863,0,0,0,101.3,25.0,0,0,0,0.0,0.0
1786868374.231209,0,0,0,101.3,25.0,0,0,0,0.0,0.0
1786868374.2817774,0,0,0,101.3,25.0,0,0,0,0.0,0.0
1786868374.330996,0,0,0,101.3,25.0,0,0,0,0.0,0.0
1786868374.3815649,0,0,0,101.3,25.0,0,0,0,0.0,0.0
1786868374.431809,0,0,0,101.3,25.0,0,0,0,0.0,0.0
1786868374.4826827,0,0,0,101.3,25.0,0,0,0,0.0,0.0
1786868374.5317225,0,0,0,101.3,25.0,0,0,0,0.0,0.0
1786868374.5810635,0,0,0,101.3,25.0,0,0,0,0.0,0.0
